Stock code,Company name,Exchange,Sector (NAICS) Level 1,Attribute.2.1.2,ROE,ROA,Cash ratio,Debt to equity,P/B,P/E,TOTAL ASSETS ,Size
HU1,CTCP Đầu tư và Xây dựng HUD1,HOSE,Construction and Real Estate,2021,-255,-48,7,5583,93,-3583,6.62917E+11,27.2199158
HU3,CTCP Đầu tư và Xây dựng HUD3,HOSE,Construction and Real Estate,2021,44,22,7,4473,65,14510,3.46707E+11,26.57174557
TCL,CTCP Đại lý Giao nhận Vận tải Xếp dỡ Tân Cảng,HOSE,Transportation and Warehousing,2021,1866,1236,13,532,208,1063,8.87248E+11,27.51139015
HTN,CTCP Hưng Thịnh Incons,HOSE,Construction and Real Estate,2021,1900,364,7,12900,264,906,7.68806E+12,29.67068899
HTV,CTCP Logistics Vicem,HOSE,Transportation and Warehousing,2021,518,414,15,,58,1119,4.22675E+11,26.76986889
TCM,CTCP Dệt may - Đầu tư - Thương mại Thành Công,HOSE,Manufacturing,2021,858,436,15,5871,272,3072,3.60639E+12,28.91372856
HUB,CTCP Xây lắp Thừa Thiên Huế,HOSE,Construction and Real Estate,2021,1147,695,38,323,136,1214,7.91873E+11,27.39766711
TCD,CTCP Đầu tư Phát triển Công nghiệp và Vận tải,HOSE,Construction and Real Estate,2021,3183,512,9,5060,172,661,5.76974E+12,29.38364818
HVX,CTCP Xi măng VICEM Hải Vân,HOSE,Manufacturing,2021,20,11,2,4757,78,38963,7.65739E+11,27.36410682
IBC,CTCP Đầu tư Apax Holdings,HOSE,"Professional, Scientific, and Technical Services",2021,862,284,42,12897,109,1491,4.62772E+12,29.16308631
TCH,CTCP Đầu tư Dịch vụ Tài chính Hoàng Huy,HOSE,Construction and Real Estate,2021,378,320,39,669,138,2977,1.46679E+13,30.31668123
HVH,CTCP Đầu tư và Công nghệ HVC,HOSE,Construction and Real Estate,2021,295,177,19,1911,103,4169,7.17762E+11,27.29940347
HVN,Tổng Công ty Hàng không Việt Nam - CTCP,HOSE,Transportation and Warehousing,2021,-39133,-2055,4,663851,9779,-274,6.30577E+13,31.77507189
TDC,CTCP Kinh doanh và Phát triển Bình Dương,HOSE,Construction and Real Estate,2021,941,221,2,13327,219,2318,5.2398E+12,29.28730375
HRC,CTCP Cao su Hòa Bình,HOSE,Manufacturing,2021,406,231,16,4949,291,7253,8.47791E+11,27.4659003
HSG,CTCP Tập đoàn Hoa Sen,HOSE,Manufacturing,2021,4952,1944,3,6311,170,408,2.6618E+13,30.91260992
TDG,CTCP Đầu tư TDG GLOBAL,HOSE,Wholesale Trade,2021,761,310,3,8854,91,1238,5.70787E+11,27.07028138
HPX,CTCP Đầu tư Hải Phát,HOSE,Construction and Real Estate,2021,699,295,18,13305,287,3689,9.57859E+12,29.89055169
HQC,CTCP Tư vấn Thương mại Dịch vụ Địa Ốc Hoàng Quân,HOSE,Construction and Real Estate,2021,10,5,1,30,97,100935,9.32677E+12,29.86390975
TCT,CTCP Cáp treo Núi Bà Tây Ninh,HOSE,Transportation and Warehousing,2021,55,52,370,,163,29384,3.07553E+11,26.45191432
HTI,CTCP Đầu tư Phát triển Hạ tầng IDICO,HOSE,Construction and Real Estate,2021,790,225,15,18954,104,1327,1.55604E+12,28.07316377
HTL,CTCP Kỹ thuật và Ô tô Trường Long,HOSE,Wholesale Trade,2021,1394,774,49,929,132,981,3.37758E+11,26.54559686
TCO,CTCP Vận tải Đa phương thức Duyên Hải,HOSE,Transportation and Warehousing,2021,1835,1587,14,1430,140,846,3.77544E+11,26.65695282
HSL,CTCP Đầu tư Phát triển Thực phẩm Hồng Hà,HOSE,Agriculture Production,2021,630,545,9,1445,64,1000,3.27071E+11,26.51344315
HT1,CTCP Xi Măng Vicem Hà Tiên,HOSE,Manufacturing,2021,698,391,8,3114,165,2311,8.80919E+12,29.80681627
TCR,CTCP Công nghiệp Gốm sứ Taicera,HOSE,Manufacturing,2021,243,119,9,5738,75,3131,9.7733E+11,27.60809011
SVD,CTCP Đầu tư & Thương mại Vũ Đăng,HOSE,Manufacturing,2021,777,291,6,12858,87,1164,3.70504E+11,26.63812947
KDH,CTCP Đầu tư và Kinh doanh Nhà Khang Điền,HOSE,Construction and Real Estate,2021,1309,850,61,2497,321,2543,1.43727E+13,30.29635164
KHG,CTCP Tập đoàn Khải Hoàn Land,HOSE,Construction and Real Estate,2021,1281,941,48,1400,136,979,6.42034E+12,29.4904922
SVI,CTCP Bao bì Biên Hòa,HOSE,Manufacturing,2021,1534,819,13,1821,142,975,1.16005E+12,27.77948145
KBC,Tổng Công ty Phát triển Đô thị Kinh Bắc - CTCP,HOSE,Construction and Real Estate,2021,711,288,39,4362,214,3844,3.0604E+13,31.05215118
KDC,CTCP Tập đoàn KIDO,HOSE,Manufacturing,2021,809,447,24,6525,197,2107,1.40727E+13,30.27525826
SVC,CTCP Dịch vụ Tổng hợp Sài Gòn,HOSE,Retail Trade,2021,806,335,13,7285,188,2415,4.42901E+12,29.11919715
KOS,CTCP KOSY,HOSE,Construction and Real Estate,2021,132,74,2,5386,307,23326,3.87482E+12,28.9855191
KPF,CTCP Đầu tư tài sản Koji,HOSE,"Professional, Scientific, and Technical Services",2021,1488,630,21,,140,1191,1.0711E+12,27.69970975
STG,CTCP Kho vận Miền Nam,HOSE,Transportation and Warehousing,2021,1398,927,48,1259,151,1224,2.68419E+12,28.61840042
KHP,CTCP Điện lực Khánh Hòa,HOSE,Utilities,2021,715,230,18,15754,190,2623,2.14553E+12,28.39440897
KMR,CTCP Mirae,HOSE,Manufacturing,2021,297,166,5,3149,91,3116,1.07498E+12,27.7033262
STK,CTCP Sợi Thế Kỷ,HOSE,Manufacturing,2021,2378,1516,51,2552,307,1386,1.97114E+12,28.30963299
SZL,CTCP Sonadezi Long Thành,HOSE,Construction and Real Estate,2021,1766,605,88,316,200,1172,1.68986E+12,28.15566819
IJC,CTCP Phát triển Hạ tầng Kỹ thuật,HOSE,Construction and Real Estate,2021,2294,924,8,3359,203,1089,6.80865E+12,29.54921561
ILB,CTCP ICD Tân Cảng - Long Bình,HOSE,Transportation and Warehousing,2021,1568,502,35,6525,170,1121,1.41828E+12,27.98046509
TBC,CTCP Thủy điện Thác Bà,HOSE,Utilities,2021,1377,1063,65,2105,157,1134,1.57375E+12,28.08447936
ICT,CTCP Viễn thông - Tin học Bưu điện,HOSE,Information and Technology,2021,832,275,33,7734,90,1098,2.10316E+12,28.37446273
IDI,CTCP Đầu tư và Phát triển Đa Quốc Gia - IDI,HOSE,Manufacturing,2021,468,179,9,12567,116,2666,7.55386E+12,29.65307961
SZC,CTCP Sonadezi Châu Đức,HOSE,Construction and Real Estate,2021,2371,645,16,15008,464,2101,5.61638E+12,29.35670757
ITC,CTCP Đầu tư và Kinh doanh Nhà,HOSE,Construction and Real Estate,2021,678,314,4,3440,99,1376,4.25977E+12,29.08023711
ITD,CTCP Công nghệ Tiên Phong,HOSE,Information and Technology,2021,759,454,31,1376,83,1166,6.27258E+11,27.16462411
JVC,CTCP Thiết bị Y tế Việt Nhật,HOSE,Wholesale Trade,2021,-681,-488,6,1490,269,-3813,6.00529E+11,27.12107616
IMP,CTCP Dược phẩm Imexpharm,HOSE,Manufacturing,2021,1073,861,66,1470,289,2743,2.2947E+12,28.46162334
ITA,CTCP Đầu tư và Công nghiệp Tân Tạo,HOSE,Construction and Real Estate,2021,240,196,12,124,141,5952,1.32728E+13,30.21673873
SVT,CTCP Công nghệ Sài Gòn Viễn Đông,HOSE,Manufacturing,2021,1904,1891,26,,112,605,1.85441E+11,25.94600146
TLG,CTCP Tập đoàn Thiên Long,HOSE,Manufacturing,2021,1549,1162,87,1013,194,1282,2.44614E+12,28.5255318
GMH,CTCP Minh Hưng Quảng Trị,HOSE,Manufacturing,2021,1498,1420,115,,,,2.10301E+11,26.07180462
GSP,CTCP Vận tải Sản Phẩm Khí Quốc tế,HOSE,Transportation and Warehousing,2021,1001,515,42,6069,134,1052,1.29879E+12,27.89245402
TLH,CTCP Tập đoàn Thép Tiến Lên,HOSE,Wholesale Trade,2021,2602,1269,3,7705,109,466,4.19521E+12,29.06496465
GMC,CTCP Garmex Sài Gòn,HOSE,Manufacturing,2021,641,425,311,,125,1886,8.27382E+11,27.44153247
GMD,CTCP Gemadept,HOSE,Transportation and Warehousing,2021,898,595,28,2728,202,2328,1.07312E+13,30.00417753
TLD,CTCP Đầu tư Xây dựng và Phát triển Đô thị Thăng Long,HOSE,Manufacturing,2021,407,291,15,2695,113,2821,6.2729E+11,27.1646741
HAG,CTCP Hoàng Anh Gia Lai,HOSE,Agriculture Production,2021,276,73,1,17732,264,6075,1.84397E+13,30.54552625
HAH,CTCP Vận tải và Xếp dỡ Hải An,HOSE,Transportation and Warehousing,2021,2752,1673,78,4167,174,724,3.23235E+12,28.80422911
TIP,CTCP Phát triển Khu Công nghiệp Tín Nghĩa,HOSE,Construction and Real Estate,2021,1383,911,63,177,180,1383,9.59916E+11,27.59011165
GTA,CTCP Chế biến gỗ Thuận An,HOSE,Manufacturing,2021,931,321,6,12760,103,1098,4.67762E+11,26.87122487
GVR,Tập đoàn Công nghiệp Cao su Việt Nam - CTCP,HOSE,Manufacturing,2021,1035,522,49,1737,285,3554,7.90142E+13,32.00064867
TIX,CTCP Sản xuất Kinh doanh Xuất nhập khẩu Dịch vụ và Đầu tư Tân Bình,HOSE,Construction and Real Estate,2021,1471,999,115,272,126,883,1.21054E+12,27.82208585
FRT,CTCP Bán lẻ Kỹ thuật số FPT,HOSE,Retail Trade,2021,3056,549,12,36012,471,1784,1.07861E+13,30.00927648
TMT,CTCP Ô tô TMT,HOSE,Manufacturing,2021,944,171,1,17649,155,1720,3.12077E+12,28.76910119
GAB,CTCP Đầu tư Khai Khoáng và Quản lý Tài sản FLC,HOSE,Manufacturing,2021,114,72,1,4475,1660,146605,2.9035E+11,26.39435196
FMC,CTCP Thực phẩm Sao Ta,HOSE,Manufacturing,2021,1747,1211,108,2098,172,1111,2.69978E+12,28.6241925
TN1,CTCP Thương mại Dịch vụ TNS Holdings,HOSE,Construction and Real Estate,2021,1435,637,11,5745,170,1069,1.60911E+12,28.1067037
FPT,CTCP FPT,HOSE,Information and Technology,2021,2167,909,18,9384,394,1836,5.36979E+13,31.61439577
GAS,Tổng Công ty Khí Việt Nam - CTCP,HOSE,Utilities,2021,1706,1222,32,1532,353,2123,7.87681E+13,31.99752889
TMP,CTCP Thủy điện Thác Mơ,HOSE,Utilities,2021,2383,1759,59,3260,257,1021,1.98978E+12,28.31904642
GEX,CTCP Tập đoàn GELEX,HOSE,Manufacturing,2021,724,235,21,10819,169,2457,6.11893E+13,31.74499422
GIL,CTCP Sản xuất Kinh doanh và Xuất nhập khẩu Bình Thạnh,HOSE,Manufacturing,2021,2280,1020,37,6268,172,746,3.7658E+12,28.9569816
TMS,CTCP Transimex,HOSE,Transportation and Warehousing,2021,1955,1182,65,3725,201,1110,5.73408E+12,29.37744913
GDT,CTCP Chế biến Gỗ Đức Thành,HOSE,Manufacturing,2021,2268,1559,8,2291,422,1798,3.80965E+11,26.66597345
GEG,CTCP Điện Gia Lai,HOSE,Utilities,2021,903,279,28,19003,191,2320,1.24727E+13,30.15456165
HHV,CTCP Đầu tư Hạ tầng Giao thông Đèo Cả,HOSE,Construction and Real Estate,2021,683,81,8,47936,163,2675,3.39635E+13,31.15630722
TDP,CTCP Thuận Đức,HOSE,Manufacturing,2021,1285,380,8,23944,219,1713,2.73909E+12,28.63864525
HID,CTCP Halcom Việt Nam,HOSE,Utilities,2021,65,33,1,8318,100,15674,1.52035E+12,28.04995921
HHP,CTCP Giấy Hoàng Hà Hải Phòng,HOSE,Manufacturing,2021,1191,565,3,6356,104,814,6.99715E+11,27.27393862
TDW,CTCP Cấp nước Thủ Đức,HOSE,Utilities,2021,1847,772,44,3149,176,977,3.77502E+11,26.65684136
HHS,CTCP Đầu tư Dịch vụ Hoàng Huy,HOSE,Wholesale Trade,2021,606,567,28,277,91,1317,4.26526E+12,29.08152363
HII,CTCP An Tiến Industries,HOSE,Manufacturing,2021,1695,427,7,11456,121,907,2.22423E+12,28.43043048
TDH,CTCP Phát triển Nhà Thủ Đức,HOSE,Construction and Real Estate,2021,-6592,-2542,3,231,241,-159,1.84212E+12,28.2419398
HOT,CTCP Du lịch Dịch vụ Hội An,HOSE,Accommodation and Food Services,2021,-3125,-2555,61,,506,-1365,75990007233,25.05386768
HPG,CTCP Tập đoàn Hòa Phát,HOSE,Manufacturing,2021,4597,2226,31,6302,229,538,1.78236E+14,32.814132
TDM,CTCP Nước Thủ Dầu Một,HOSE,Utilities,2021,1877,1373,25,1986,190,1065,2.40533E+12,28.50870798
HMC,CTCP Kim khí Thành phố Hồ Chí Minh - VNSTEEL,HOSE,Wholesale Trade,2021,3290,1319,3,4002,111,378,1.2616E+12,27.8633988
HNG,CTCP Nông nghiệp Quốc tế Hoàng Anh Gia Lai,HOSE,Agriculture Production,2021,-1525,-579,1,9779,226,-1213,1.4017E+13,30.27129531
HAR,CTCP Đầu tư Thương mại Bất động sản An Dương Thảo Điền,HOSE,Construction and Real Estate,2021,338,283,94,1584,127,3820,1.25394E+12,27.85730789
HAS,CTCP Hacisco,HOSE,Construction and Real Estate,2021,208,146,7,1772,66,3150,2.02626E+11,26.03462832
THG,CTCP Đầu tư và Xây dựng Tiền Giang,HOSE,Manufacturing,2021,2511,852,28,8349,249,980,1.55565E+12,28.07291326
HAI,CTCP Nông dược H.A.I,HOSE,Wholesale Trade,2021,32,24,1,1114,69,21763,2.72387E+12,28.63307637
HAP,CTCP Tập đoàn Hapaco,HOSE,Manufacturing,2021,556,498,20,204,120,2171,8.0299E+11,27.41160867
THI,CTCP Thiết bị Điện,HOSE,Manufacturing,2021,583,249,18,8887,94,1664,3.24579E+12,28.80838124
HAX,CTCP Dịch vụ Ô tô Hàng Xanh,HOSE,Retail Trade,2021,2571,1276,16,2756,204,797,1.27722E+12,27.8757044
HDC,CTCP Phát triển Nhà Bà Rịa - Vũng Tàu,HOSE,Construction and Real Estate,2021,2356,870,4,9052,554,2331,3.77688E+12,28.95991992
TEG,CTCP Năng lượng và Bất động sản Trường Thành,HOSE,Manufacturing,2021,677,517,27,1546,105,1282,1.22455E+12,27.83359769
HDG,CTCP Tập đoàn Hà Đô,HOSE,Construction and Real Estate,2021,2341,737,5,13682,242,967,1.58915E+13,30.39680826
HBC,CTCP Tập đoàn Xây dựng Hòa Bình,HOSE,Construction and Real Estate,2021,251,64,6,12566,181,6859,1.65766E+13,30.43901442
TGG,CTCP Louis Capital,HOSE,Construction and Real Estate,2021,2754,1664,3,2176,120,554,8.38407E+11,27.45476987
HCD,CTCP Đầu tư Sản xuất và Thương mại HCD,HOSE,Manufacturing,2021,1316,927,22,3269,99,788,5.54417E+11,27.04118351
PGV,Tổng Công ty Phát điện 3 - CTCP,HOSE,Utilities,2021,1941,446,23,25651,253,1357,6.79572E+13,31.84989919
SCS,CTCP Dịch vụ Hàng hóa Sài Gòn,HOSE,Transportation and Warehousing,2021,4976,4491,35,,650,1441,1.41553E+12,27.97852804
PHC,CTCP Xây dựng Phục Hưng Holdings,HOSE,Construction and Real Estate,2021,994,242,4,13510,126,877,2.4626E+12,28.53223991
PGC,Tổng Công ty Gas Petrolimex - CTCP,HOSE,Utilities,2021,1455,554,4,11774,165,1196,2.42763E+12,28.51793511
SFC,CTCP Nhiên liệu Sài Gòn,HOSE,Retail Trade,2021,1241,789,180,1509,159,1266,2.49291E+11,26.24188626
PGD,CTCP Phân phối khí thấp áp Dầu khí Việt Nam,HOSE,Utilities,2021,1873,768,76,,217,1183,3.34311E+12,28.83792262
PHR,CTCP Cao su Phước Hòa,HOSE,Manufacturing,2021,1487,760,12,1344,311,2023,6.02708E+12,29.42728451
SCD,CTCP Nước giải khát Chương Dương,HOSE,Manufacturing,2021,-2036,-912,127,11158,115,-505,3.71142E+11,26.63985118
PLP,CTCP Sản xuất và Công nghệ Nhựa Pha Lê,HOSE,Manufacturing,2021,1918,589,2,18068,95,622,2.61652E+12,28.59286521
PLX,Tập đoàn Xăng Dầu Việt Nam,HOSE,Wholesale Trade,2021,1084,451,18,5439,242,2369,6.47912E+13,31.80219154
SCR,CTCP Địa ốc Sài Gòn Thương Tín,HOSE,Construction and Real Estate,2021,377,176,1,3112,155,4180,9.79726E+12,29.91312418
PIT,CTCP Xuất nhập khẩu Petrolimex,HOSE,Wholesale Trade,2021,-481,-171,4,15385,116,-2355,3.29595E+11,26.52113097
PJT,CTCP Vận tải Xăng dầu đường Thủy Petrolimex,HOSE,Transportation and Warehousing,2021,839,428,13,5937,91,937,5.33199E+11,27.00215977
OPC,CTCP Dược phẩm OPC,HOSE,Manufacturing,2021,1739,1057,41,960,205,1203,1.2382E+12,27.84468024
PAC,CTCP Pin Ắc quy Miền Nam,HOSE,Manufacturing,2021,2176,712,8,13905,198,989,2.47965E+12,28.53913849
SGN,CTCP Phục vụ Mặt đất Sài Gòn,HOSE,Transportation and Warehousing,2021,629,540,318,,290,4435,9.38589E+11,27.56764357
NVT,CTCP Bất động sản Du lịch Ninh Vân Bay,HOSE,Accommodation and Food Services,2021,-1055,-616,20,5888,208,-2255,1.08584E+12,27.71337748
OGC,CTCP Tập đoàn Đại Dương,HOSE,Finance and Insurance,2021,-2490,-227,22,1709,337,-4502,2.93284E+12,28.70699379
SGR,CTCP Tổng CTCP Địa ốc Sài Gòn,HOSE,Construction and Real Estate,2021,482,176,7,5027,288,5765,1.99857E+12,28.32345331
PAN,CTCP Tập đoàn Pan,HOSE,Manufacturing,2021,743,225,47,6583,106,2752,1.50239E+13,30.34066344
PDR,CTCP Phát triển Bất động sản Phát Đạt,HOSE,Construction and Real Estate,2021,2796,1031,6,4208,576,2361,2.05519E+13,30.65397349
SFG,CTCP Phân Bón Miền Nam,HOSE,Manufacturing,2021,640,295,12,11956,153,2434,1.4285E+12,27.98764874
PET,Tổng Công ty cổ phần Dịch vụ Tổng hợp Dầu khí,HOSE,Wholesale Trade,2021,1470,358,40,18848,169,1185,8.49314E+12,29.77027994
PC1,CTCP Tập Đoàn PC1,HOSE,Construction and Real Estate,2021,1383,473,40,14389,147,1113,1.8687E+13,30.55885111
SFI,CTCP Đại lý Vận tải SAFI,HOSE,Transportation and Warehousing,2021,3140,2116,74,,161,568,9.33648E+11,27.56236586
PDN,CTCP Cảng Đồng Nai,HOSE,Transportation and Warehousing,2021,2341,1490,62,2846,238,1073,1.14185E+12,27.76366877
PVD,Tổng Công ty cổ phần Khoan và Dịch vụ khoan Dầu khí ,HOSE,"Mining, Quarrying, and Oil and Gas Extraction",2021,14,9,37,2859,90,63857,2.07612E+13,30.6641071
SAB,Tổng Công ty cổ phần Bia - Rượu - Nước giải khát Sài Gòn,HOSE,Manufacturing,2021,1794,1271,50,293,429,2633,3.0487E+13,31.04832228
PVP,CTCP Vận tải Dầu khí Thái Bình Dương,HOSE,Transportation and Warehousing,2021,1292,823,104,3292,114,909,2.30059E+12,28.46418821
PTC,CTCP Đầu Tư Icapital,HOSE,Construction and Real Estate,2021,1871,1324,38,9,181,1101,5.5754E+11,27.04680034
SAM,CTCP SAM HOLDINGS,HOSE,Manufacturing,2021,383,234,38,3490,196,5546,7.5443E+12,29.65181297
PTL,CTCP Victory Capital,HOSE,Construction and Real Estate,2021,364,231,49,,218,6116,1.20502E+12,27.81751752
PVT,Tổng Công ty cổ phần Vận tải Dầu khí,HOSE,Transportation and Warehousing,2021,996,560,52,4662,112,1182,1.24932E+13,30.1562072
REE,CTCP Cơ Điện Lạnh,HOSE,Construction and Real Estate,2021,1299,709,45,7320,131,1151,3.1827E+13,31.09133621
RAL,CTCP Bóng đèn Phích nước Rạng Đông,HOSE,Manufacturing,2021,3253,846,24,16755,119,405,5.3923E+12,29.31599255
RDP,CTCP Rạng Đông Holding,HOSE,Manufacturing,2021,678,150,3,24487,122,1792,2.22243E+12,28.42962203
S4A,CTCP Thủy điện Sê San 4A,HOSE,Utilities,2021,2541,1399,33,5888,211,870,9.92026E+11,27.6230152
QBS,CTCP Xuất nhập khẩu Quảng Bình,HOSE,Wholesale Trade,2021,2,3,3,6435,93,143727,1.26295E+12,27.86446947
QCG,CTCP Quốc Cường Gia Lai,HOSE,Construction and Real Estate,2021,153,65,1,1056,100,6588,9.81718E+12,29.91515507
SBV,CTCP Siam Brothers Việt Nam,HOSE,Manufacturing,2021,967,567,4,4892,89,930,9.11293E+11,27.53813083
PNJ,CTCP Vàng bạc Đá quý Phú Nhuận,HOSE,Manufacturing,2021,1829,1077,8,4527,364,2126,1.0619E+13,29.99366752
SBT,CTCP Thành Thành Công - Biên Hòa,HOSE,Manufacturing,2021,977,363,17,11564,169,1842,2.77304E+13,30.95354925
SC5,CTCP Xây dựng Số 5,HOSE,Construction and Real Estate,2021,973,149,21,13880,95,975,2.39498E+12,28.50439539
PMG,CTCP Đầu tư và Sản xuất Petro Miền Trung,HOSE,Wholesale Trade,2021,-1498,-383,8,11194,120,-1270,1.73212E+12,28.1803645
PNC,CTCP Văn hóa Phương Nam,HOSE,Retail Trade,2021,-942,-296,8,,96,-968,5.11257E+11,26.96013908
POM,CTCP Thép Pomina,HOSE,Manufacturing,2021,506,139,4,23392,110,2239,1.49854E+13,30.33809611
PSH,CTCP Thương mại Đầu tư Dầu khí Nam Sông Hậu,HOSE,Wholesale Trade,2021,1852,329,3,18668,154,901,9.85229E+12,29.9187249
SAV,CTCP Hợp tác Kinh tế và Xuất nhập khẩu Savimex,HOSE,Manufacturing,2021,1355,750,38,2513,132,977,5.94732E+11,27.11137593
PTB,CTCP Phú Tài,HOSE,Manufacturing,2021,2336,1003,5,8274,201,920,5.43088E+12,29.32312198
POW,Tổng Công ty Điện lực Dầu khí Việt Nam - CTCP,HOSE,Utilities,2021,577,336,49,2717,132,2279,5.29769E+13,31.60087742
SBA,CTCP Sông Ba,HOSE,Utilities,2021,1412,897,23,4325,137,1001,1.29568E+12,27.89005695
PPC,CTCP Nhiệt điện Phả Lại,HOSE,Utilities,2021,381,341,89,,159,3567,5.44857E+12,29.3263736
LM8,CTCP Lilama 18,HOSE,Construction and Real Estate,2021,485,97,1,22817,51,1054,1.34227E+12,27.92538221
SMC,CTCP Đầu tư Thương mại SMC,HOSE,Wholesale Trade,2021,4467,1111,10,15482,110,293,9.00578E+12,29.82888759
LSS,CTCP Mía Đường Lam Sơn,HOSE,Manufacturing,2021,279,175,6,3665,68,2383,2.55849E+12,28.57043793
LHG,CTCP Long Hậu,HOSE,Construction and Real Estate,2021,2157,1088,11,1274,181,895,2.84536E+12,28.67670971
SPM,CTCP SPM,HOSE,Manufacturing,2021,260,190,,2691,36,1405,1.06826E+12,27.6970476
LIX,CTCP Bột Giặt Lix,HOSE,Manufacturing,2021,2414,1532,34,734,218,974,1.16764E+12,27.78600897
MCG,CTCP Năng lượng và Bất động sản MCG,HOSE,Manufacturing,2021,-1699,-452,4,227,293,-1500,6.44452E+11,27.19166693
MHC,CTCP MHC,HOSE,Transportation and Warehousing,2021,897,413,52,11996,110,1292,1.47471E+12,28.01948509
SMA,CTCP Thiết bị Phụ tùng Sài Gòn,HOSE,Wholesale Trade,2021,1187,512,2,7715,104,957,4.17457E+11,26.75744724
MSH,CTCP May Sông Hồng,HOSE,Manufacturing,2021,3012,1518,25,4885,265,894,3.20264E+12,28.79499555
MCP,CTCP In và Bao bì Mỹ Châu,HOSE,Manufacturing,2021,1033,639,22,2849,192,1899,3.33796E+11,26.53379569
SMB,CTCP Bia Sài Gòn - Miền Trung,HOSE,Manufacturing,2021,3025,1823,13,1390,230,803,9.37098E+11,27.56605408
MDG,CTCP Miền Đông,HOSE,"Mining, Quarrying, and Oil and Gas Extraction",2021,1019,438,11,3812,89,900,3.68329E+11,26.63224114
LAF,CTCP Chế biến hàng Xuất khẩu Long An,HOSE,Manufacturing,2021,2233,1627,30,2926,184,910,2.79752E+11,26.35716892
LBM,CTCP Khoáng sản và Vật liệu Xây dựng Lâm Đồng,HOSE,Manufacturing,2021,2021,1643,45,,196,1040,5.44078E+11,27.02235765
SSC,CTCP Giống cây trồng Miền Nam,HOSE,Agriculture Production,2021,1520,1092,74,,141,1008,5.14432E+11,26.96632937
KSB,CTCP Khoáng sản và Xây dựng Bình Dương,HOSE,"Mining, Quarrying, and Oil and Gas Extraction",2021,1500,639,8,4083,186,1250,3.98485E+12,29.01352195
L10,CTCP Lilama 10,HOSE,Construction and Real Estate,2021,586,127,53,4152,109,1870,1.26212E+12,27.86381587
ST8,CTCP Siêu Thanh,HOSE,Wholesale Trade,2021,469,305,55,1849,110,2350,4.72992E+11,26.88234404
LCG,CTCP Lizen,HOSE,Construction and Real Estate,2021,858,305,10,4069,157,1433,5.80453E+12,29.38966036
LGC,CTCP Đầu tư Cầu đường CII,HOSE,Construction and Real Estate,2021,674,173,13,12930,198,4450,1.21782E+13,30.13066585
SRC,CTCP Cao su Sao Vàng,HOSE,Manufacturing,2021,930,303,9,9621,139,1507,1.23537E+12,27.84239284
LGL,CTCP Đầu tư và Phát triển Đô thị Long Giang,HOSE,Construction and Real Estate,2021,17,7,2,3404,90,52947,1.69638E+12,28.15951987
LDG,CTCP Đầu tư LDG,HOSE,Construction and Real Estate,2021,443,227,3,3915,159,3660,6.84107E+12,29.55396514
SRF,CTCP Searefico,HOSE,Construction and Real Estate,2021,619,155,5,12164,99,1804,1.85326E+12,28.24796811
LEC,CTCP Bất động sản Điện lực Miền Trung,HOSE,Construction and Real Estate,2021,68,26,2,9121,89,14046,9.8534E+11,27.61625255
SHP,CTCP Thủy điện Miền Nam,HOSE,Utilities,2021,2158,1450,59,3123,182,919,1.83251E+12,28.23670965
NNC,CTCP Đá Núi Nhỏ,HOSE,"Mining, Quarrying, and Oil and Gas Extraction",2021,1317,1052,165,,204,1589,3.54494E+11,26.59395839
NO1,CTCP Tập đoàn 911,HOSE,Wholesale Trade,2021,864,453,7,1928,,,3.90393E+11,26.69041854
SII,CTCP Hạ tầng Nước Sài Gòn,HOSE,Utilities,2021,-552,-305,9,6506,76,-1427,2.36051E+12,28.48989811
NKG,CTCP Thép Nam Kim,HOSE,Manufacturing,2021,4998,1922,8,6674,149,330,1.53979E+13,30.36525325
NLG,CTCP Đầu tư Nam Long,HOSE,Construction and Real Estate,2021,1460,575,49,2667,182,1832,2.36176E+13,30.79301492
SHI,CTCP Quốc tế Sơn Hà,HOSE,Manufacturing,2021,665,172,4,20312,115,1676,5.90741E+12,29.40722779
NTL,CTCP Phát triển Đô thị Từ Liêm,HOSE,Construction and Real Estate,2021,1988,1291,58,,207,1069,1.87699E+12,28.26068994
NVL,CTCP Tập đoàn Đầu tư Địa ốc No Va ,HOSE,Construction and Real Estate,2021,882,186,35,14699,427,3592,2.01834E+14,32.93846445
SGT,CTCP Công nghệ Viễn Thông Sài Gòn,HOSE,Wholesale Trade,2021,734,197,6,20145,248,3794,4.41675E+12,29.11642485
NSC,CTCP Tập đoàn Giống cây trồng Việt Nam,HOSE,Agriculture Production,2021,1801,1175,52,1538,109,649,1.93196E+12,28.28955541
NT2,CTCP Điện lực Dầu khí Nhơn Trạch 2,HOSE,Utilities,2021,1251,821,,496,179,1418,6.62406E+12,29.52173028
SHA,CTCP Sơn Hà Sài Gòn,HOSE,Manufacturing,2021,456,195,8,11413,74,1574,9.42232E+11,27.57151772
NAF,CTCP Nafoods Group,HOSE,Manufacturing,2021,976,486,7,6751,147,1508,1.65406E+12,28.13425186
SJS,CTCP Đầu tư Phát triển Đô thị và Khu công nghiệp Sông Đà,HOSE,Construction and Real Estate,2021,298,93,10,5476,425,14418,6.94605E+12,29.56919389
NAV,CTCP Nam Việt,HOSE,Retail Trade,2021,1732,1022,2,,188,1040,1.8082E+11,25.92076611
MSN,CTCP Tập đoàn Masan,HOSE,Manufacturing,2021,2542,708,65,13742,477,2353,1.26093E+14,32.46804458
SKG,CTCP Tàu cao tốc Superdong - Kiên Giang,HOSE,Transportation and Warehousing,2021,-461,-454,78,,138,-2868,8.11533E+11,27.42219041
MWG,CTCP Đầu tư Thế giới Di động,HOSE,Retail Trade,2021,2732,899,10,12095,475,1533,6.29714E+13,31.77370185
NBB,CTCP Đầu tư Năm Bảy Bảy,HOSE,Construction and Real Estate,2021,1741,743,1,6486,245,1167,4.37365E+12,29.10661993
SJD,CTCP Thủy điện Cần Đơn,HOSE,Utilities,2021,1742,1186,14,2459,151,897,1.38386E+12,27.95589766
NHH,CTCP Nhựa Hà Nội,HOSE,Manufacturing,2021,1113,400,11,12350,223,2025,1.89687E+12,28.27122583
NHT,CTCP Sản xuất và Thương mại Nam Hoa,HOSE,Manufacturing,2021,1469,616,5,8795,152,1062,8.67012E+11,27.48831866
SJF,CTCP Đầu tư Sao Thái Dương,HOSE,Agriculture Production,2021,213,154,11,1600,113,5321,1.16361E+12,27.78254918
NCT,CTCP Dịch vụ Hàng hóa Nội Bài,HOSE,Transportation and Warehousing,2021,5161,4234,68,,470,962,5.54004E+11,27.04043723
NHA,Tổng Công ty Đầu tư Phát triển Nhà và Đô thị Nam Hà Nội,HOSE,Construction and Real Estate,2021,84,58,,4623,741,83631,5.06186E+11,26.95016938
FIT,CTCP Tập đoàn F.I.T,HOSE,Manufacturing,2021,361,280,26,1791,92,2673,5.98408E+12,29.42012392
CKG,CTCP Tập đoàn Tư vấn Đầu tư Xây dựng Kiên Giang,HOSE,Construction and Real Estate,2021,1812,311,4,14496,319,1881,4.68627E+12,29.17565834
CLC,CTCP Cát Lợi,HOSE,Manufacturing,2021,1800,1381,22,1444,125,716,1.05017E+12,27.67997226
VIP,CTCP Vận tải Xăng dầu Vipco,HOSE,Transportation and Warehousing,2021,96,68,55,2184,71,7086,1.47231E+12,28.01785258
CIG,CTCP COMA 18,HOSE,Construction and Real Estate,2021,1013,236,1,10654,252,2625,7.07503E+11,27.28500713
CII,CTCP Đầu tư Hạ tầng Kỹ thuật Thành phố Hồ Chí Minh,HOSE,Construction and Real Estate,2021,-411,-110,8,20337,132,-3337,3.08702E+13,31.06081156
VJC,CTCP Hàng không Vietjet,HOSE,Transportation and Warehousing,2021,47,15,12,9173,412,92226,5.16537E+13,31.57558302
CMG,CTCP Tập đoàn Công nghệ CMC,HOSE,Information and Technology,2021,964,430,14,6106,223,2484,6.25593E+12,29.46455016
CMV,CTCP Thương nghiệp Cà Mau,HOSE,Retail Trade,2021,1229,512,14,4469,104,885,4.72853E+11,26.88205121
VIC,Tập đoàn VINGROUP - CTCP,HOSE,Construction and Real Estate,2021,-170,-59,13,7648,227,-13371,4.28384E+14,33.69104219
CLL,CTCP Cảng Cát Lái,HOSE,Transportation and Warehousing,2021,1329,1244,748,,176,1323,6.78551E+11,27.24322537
CLW,CTCP Cấp nước Chợ Lớn,HOSE,Utilities,2021,1229,584,45,2541,172,1399,4.58367E+11,26.85093547
VID,CTCP Đầu tư Phát triển Thương mại Viễn Đông,HOSE,Wholesale Trade,2021,661,332,17,5547,77,1120,1.16886E+12,27.78704774
C47,CTCP Xây dựng 47,HOSE,Construction and Real Estate,2021,1366,278,12,19332,155,1091,1.57225E+12,28.08352947
CAV,CTCP Dây Cáp điện Việt Nam,HOSE,Manufacturing,2021,1888,548,1,14882,190,1020,6.64857E+12,29.52542272
VNG,CTCP Du lịch Thành Thành Công,HOSE,Accommodation and Food Services,2021,17,9,3,8880,121,70703,2.28563E+12,28.45766217
BWE,CTCP Nước - Môi trường Bình Dương,HOSE,Utilities,2021,2041,864,24,9123,211,1095,9.07385E+12,29.8364182
C32,CTCP CIC39,HOSE,"Mining, Quarrying, and Oil and Gas Extraction",2021,1328,773,32,3722,86,667,9.73035E+11,27.60368558
VNL,CTCP Logistics Vinalink,HOSE,Transportation and Warehousing,2021,1716,934,38,,109,634,4.05914E+11,26.729406
CDC,CTCP Chương Dương,HOSE,Construction and Real Estate,2021,1058,281,3,16016,125,1282,1.28702E+12,27.8833498
CHP,CTCP Thủy điện Miền Trung,HOSE,Utilities,2021,1278,711,28,6662,176,1381,3.2727E+12,28.81663751
VMD,CTCP Y Dược phẩm Vimedimex,HOSE,Wholesale Trade,2021,555,31,3,15459,138,2595,5.52728E+12,29.34071704
CCI,CTCP Đầu tư Phát triển Công nghiệp Thương mại Củ Chi,HOSE,Retail Trade,2021,1172,471,71,,157,1349,6.89163E+11,27.2587433
CCL,CTCP Đầu Tư và Phát triển Đô Thị Dầu khí Cửu Long,HOSE,Construction and Real Estate,2021,1349,669,3,5224,140,1060,1.20128E+12,27.81440512
VNE,Tổng Công ty cổ phần Xây dựng Điện Việt Nam,HOSE,Construction and Real Estate,2021,79,29,3,7016,124,15932,3.48332E+12,28.87900612
CMX,CTCP Camimex Group,HOSE,Manufacturing,2021,901,348,3,6233,134,1209,2.42158E+12,28.51544311
CVT,CTCP CMC,HOSE,Manufacturing,2021,1222,493,9,17139,216,1772,2.42774E+12,28.51798121
VCG,Tổng Công ty cổ phần Xuất nhập khẩu và Xây dựng Việt Nam,HOSE,Construction and Real Estate,2021,713,156,18,15517,303,5774,3.09694E+13,31.06402124
D2D,CTCP Phát triển Đô thị Công nghiệp số 2,HOSE,Construction and Real Estate,2021,2349,1281,19,,165,744,1.78601E+12,28.21100656
CTI,CTCP Đầu tư Phát triển Cường Thuận IDICO,HOSE,Construction and Real Estate,2021,-101,-9,39,23798,118,-34711,4.75535E+12,29.19029176
VDP,CTCP Dược phẩm Trung ương VIDIPHA,HOSE,Manufacturing,2021,1067,625,16,4292,107,1034,1.0316E+12,27.66213118
CTR,Tổng Công ty cổ phần Công trình Viettel,HOSE,Information and Technology,2021,3163,957,27,1373,621,1928,3.96344E+12,29.0081334
DAT,CTCP Đầu tư du lịch và Phát triển Thủy sản,HOSE,Manufacturing,2021,521,212,13,11780,164,3205,1.62625E+12,28.11729625
VCA,CTCP Thép VICASA - VNSTEEL,HOSE,Manufacturing,2021,1575,816,6,10077,104,689,5.78976E+11,27.08452717
DBC,CTCP Tập đoàn Dabaco Việt Nam,HOSE,Manufacturing,2021,1866,791,4,7014,180,973,1.08626E+13,30.0163426
DAG,CTCP Tập đoàn Nhựa Đông Á,HOSE,Manufacturing,2021,87,31,5,14280,134,14729,2.0288E+12,28.33846728
VCF,CTCP Vinacafé Biên Hòa,HOSE,Manufacturing,2021,3106,2103,166,2558,493,1453,1.94558E+12,28.29658006
DAH,CTCP Tập đoàn Khách sạn Đông Á,HOSE,Accommodation and Food Services,2021,587,402,12,2413,117,1592,1.12709E+12,27.75066217
CRC,CTCP Create Capital Việt Nam,HOSE,Manufacturing,2021,845,352,23,6904,98,898,6.42137E+11,27.18806677
VHC,CTCP Vĩnh Hoàn,HOSE,Manufacturing,2021,1987,1379,7,3215,194,1040,8.73763E+12,29.79865976
CRE,CTCP Bất động sản Thế Kỷ,HOSE,Construction and Real Estate,2021,1671,909,7,4990,240,944,6.27087E+12,29.4669369
CNG,CTCP CNG Việt Nam,HOSE,Utilities,2021,1596,753,49,259,156,989,1.12262E+12,27.74668523
VHM,CTCP Vinhomes,HOSE,Construction and Real Estate,2021,3521,1742,6,1516,272,760,2.30516E+14,33.07134343
AAA,CTCP Nhựa An Phát Xanh,HOSE,Manufacturing,2021,612,312,61,6159,121,1939,1.00095E+13,29.93455842
CTD,CTCP Xây dựng Coteccons,HOSE,Construction and Real Estate,2021,29,17,16,2,98,33879,1.39246E+13,30.26467906
VFG,CTCP Khử trùng Việt Nam,HOSE,Wholesale Trade,2021,1667,883,82,,171,1045,1.88969E+12,28.26743141
CTF,CTCP City Auto,HOSE,Retail Trade,2021,731,294,6,8228,180,2721,1.76209E+12,28.19752263
CSM,CTCP Công nghiệp Cao su Miền Nam,HOSE,Manufacturing,2021,332,105,3,18112,156,4661,4.15331E+12,29.05492739
VGC,Tổng Công ty Viglacera - CTCP,HOSE,Retail Trade,2021,1591,565,32,3836,287,1949,2.19971E+13,30.72192952
CSV,CTCP Hóa chất Cơ bản Miền Nam,HOSE,Manufacturing,2021,1934,1519,62,606,162,899,1.45584E+12,28.00660578
VNM,CTCP Sữa Việt Nam,HOSE,Manufacturing,2021,3031,2070,14,2638,504,1714,5.33324E+13,31.60756521
AGG,CTCP Đầu tư và Phát triển Bất động sản An Gia,HOSE,Construction and Real Estate,2021,1679,376,7,9246,161,1026,1.25648E+13,30.16192259
VSH,CTCP Thủy điện Vĩnh Sơn - Sông Hinh,HOSE,Utilities,2021,1055,393,6,12640,169,1728,1.00166E+13,29.93526598
AGM,CTCP Xuất Nhập khẩu An Giang,HOSE,Manufacturing,2021,970,342,23,26488,136,1469,1.85642E+12,28.24966889
ADG,CTCP Clever Group,HOSE,"Professional, Scientific, and Technical Services",2021,1451,827,6,3093,389,2652,4.49601E+11,26.83162589
VSI,CTCP Đầu tư và Xây dựng Cấp thoát nước,HOSE,Construction and Real Estate,2021,2369,840,89,8857,140,606,5.36162E+11,27.00770309
ADS,CTCP Damsan,HOSE,Manufacturing,2021,1694,446,10,12450,237,1232,1.98517E+12,28.31672496
APC,CTCP Chiếu xạ An Phú,HOSE,Agriculture Production,2021,-25,-16,44,5298,80,-31944,9.9985E+11,27.63087105
VRE,CTCP Vincom Retail,HOSE,Construction and Real Estate,2021,438,338,114,1030,223,5204,3.78735E+13,31.26527246
APH,CTCP Tập đoàn An Phát Holdings,HOSE,Manufacturing,2021,114,52,52,8327,122,11331,1.23281E+13,30.14289969
AMD,CTCP Đầu tư và Khoáng sản FLC Stone,HOSE,Retail Trade,2021,62,46,2,1704,68,10961,2.59714E+12,28.58543117
VSC,CTCP Container Việt Nam,HOSE,Transportation and Warehousing,2021,1355,1223,377,,80,685,3.26642E+12,28.81471583
ANV,CTCP Nam Việt,HOSE,Manufacturing,2021,551,265,2,8768,181,3288,4.88718E+12,29.21763653
ABR,CTCP Đầu tư Nhãn hiệu Việt,HOSE,Wholesale Trade,2021,785,650,93,,195,2587,3.12515E+11,26.46791801
YBM,CTCP Khoáng sản Công nghiệp Yên Bái,HOSE,Manufacturing,2021,841,345,4,12037,75,909,4.36237E+11,26.80145132
ABS,CTCP Dịch vụ Nông nghiệp Bình Thuận,HOSE,Wholesale Trade,2021,960,473,,5088,237,3309,1.59295E+12,28.09660986
AAM,CTCP Thủy sản MeKong,HOSE,Manufacturing,2021,12,11,1115,,68,58437,2.01088E+11,26.02700601
YEG,CTCP Tập đoàn Yeah1,HOSE,"Professional, Scientific, and Technical Services",2021,225,144,1,2299,91,4030,1.37228E+12,27.94749677
AAT,CTCP Tập Đoàn Tiên Sơn Thanh Hóa ,HOSE,Wholesale Trade,2021,527,370,81,3255,172,2304,9.76612E+11,27.6073557
ACG,CTCP Gỗ An Cường,HOSE,Manufacturing,2021,1237,957,8,1501,252,2101,4.98292E+12,29.23703698
VTB,CTCP Viettronics Tân Bình,HOSE,Manufacturing,2021,230,163,48,,69,2910,2.6857E+11,26.31637862
ACL,CTCP Xuất nhập khẩu Thủy sản Cửu Long An Giang,HOSE,Manufacturing,2021,601,270,14,8436,128,2151,1.45818E+12,28.00820973
ABT,CTCP Xuất nhập khẩu Thủy sản Bến Tre,HOSE,Manufacturing,2021,815,594,40,2974,98,1216,5.94274E+11,27.11060633
VTO,CTCP Vận tải Xăng dầu Vitaco,HOSE,Transportation and Warehousing,2021,1150,730,157,2993,89,787,1.75606E+12,28.19409133
ACC,CTCP Đầu tư và Xây dựng Bình Dương ACC,HOSE,Manufacturing,2021,766,360,21,12031,216,2724,1.17556E+12,27.79276832
ASG,CTCP Tập đoàn ASG,HOSE,Transportation and Warehousing,2021,259,290,33,4391,162,3375,2.14007E+12,28.39185893
VPD,CTCP Phát triển Điện lực Việt Nam,HOSE,Utilities,2021,1247,575,35,4468,136,1130,2.06916E+12,28.35816589
BKG,CTCP Đầu tư BKG Việt Nam,HOSE,Manufacturing,2021,603,506,67,883,104,1798,4.63327E+11,26.86169979
BMC,CTCP Khoáng sản Bình Định,HOSE,"Mining, Quarrying, and Oil and Gas Extraction",2021,850,739,225,,152,1819,2.43511E+11,26.21842775
VPG,CTCP Đầu tư Thương mại Xuất nhập khẩu Việt Phát,HOSE,Wholesale Trade,2021,5886,2141,51,5611,275,569,2.3839E+12,28.49975841
BFC,CTCP Phân bón Bình Điền,HOSE,Manufacturing,2021,1709,635,10,10473,137,851,3.85408E+12,28.98015346
BHN,Tổng Công ty cổ phần Bia - Rượu - Nước giải khát Hà Nội,HOSE,Manufacturing,2021,614,412,34,509,290,4606,7.08773E+12,29.58938617
VNS,CTCP Ánh Dương Việt Nam,HOSE,Transportation and Warehousing,2021,-2031,-1505,75,1564,63,-279,1.57167E+12,28.08316103
BTP,CTCP Nhiệt điện Bà Rịa,HOSE,Utilities,2021,1018,703,28,2370,84,846,1.90936E+12,28.27778899
BTT,CTCP Thương mại Dịch vụ Bến Thành,HOSE,Retail Trade,2021,129,97,93,,168,12934,4.63013E+11,26.86102172
VOS,CTCP Vận tải Biển Việt Nam,HOSE,Transportation and Warehousing,2021,6462,1769,14,6312,264,543,2.74662E+12,28.64139136
BMP,CTCP Nhựa Bình Minh,HOSE,Manufacturing,2021,900,732,33,250,214,2287,2.83802E+12,28.6741281
BRC,CTCP Cao su Bến Thành,HOSE,Manufacturing,2021,1038,717,15,2180,97,947,3.11352E+11,26.4641907
VPS,CTCP Thuốc sát trùng Việt Nam (VIPESCO),HOSE,Manufacturing,2021,401,275,81,799,114,2820,4.72839E+11,26.88202057
AST,CTCP Dịch vụ Hàng không Taseco,HOSE,Retail Trade,2021,-2698,-2094,10,1160,576,-2013,5.02534E+11,26.94292853
BAF,CTCP Nông nghiệp BAF Việt Nam,HOSE,Agriculture Production,2021,3185,601,8,1121,220,996,5.45725E+12,29.32796538
VRC,CTCP Bất động sản và Đầu tư VRC,HOSE,Construction and Real Estate,2021,2,2,15,3741,123,559534,1.85807E+12,28.25055839
ASM,CTCP Tập đoàn Sao Mai,HOSE,Agriculture Production,2021,831,336,9,10444,78,985,1.81691E+13,30.53074423
ASP,CTCP Tập đoàn Dầu khí An Pha,HOSE,Utilities,2021,508,133,17,14428,105,2038,2.02809E+12,28.33811563
VPH,CTCP Vạn Phát Hưng,HOSE,Construction and Real Estate,2021,791,402,11,3970,122,1570,2.05105E+12,28.34937524
BCG,CTCP Tập đoàn Bamboo Capital,HOSE,Construction and Real Estate,2021,1077,197,10,16387,85,926,3.76893E+13,31.26039804
BCM,Tổng Công ty Đầu tư và Phát triển Công nghiệp – CTCP,HOSE,Construction and Real Estate,2021,818,288,16,9702,386,4716,4.89524E+13,31.52187035
VPI,CTCP Đầu tư Văn Phú - INVEST,HOSE,Construction and Real Estate,2021,1083,356,31,9283,356,3189,9.83548E+12,29.91701775
BBC,CTCP Bibica,HOSE,Manufacturing,2021,216,141,39,390,99,4344,1.63954E+12,28.12543569
BCE,CTCP Xây dựng và Giao thông Bình Dương,HOSE,Construction and Real Estate,2021,590,253,17,3570,164,2851,8.08729E+11,27.41872932
TTF,CTCP Tập đoàn Kỹ nghệ gỗ Trường Thành,HOSE,Manufacturing,2021,1338,-34,10,882,923,-48445,2.83834E+12,28.67424027
ELC,CTCP Công Nghệ - Viễn Thông Elcom,HOSE,Information and Technology,2021,584,364,58,361,151,2718,1.14533E+12,27.76671074
DTA,CTCP Đệ Tam,HOSE,Construction and Real Estate,2021,528,166,16,4950,216,4194,6.68843E+11,27.22881565
DLG,CTCP Tập đoàn Đức Long Gia Lai,HOSE,Manufacturing,2021,69,22,4,13748,121,16802,7.07035E+12,29.58693096
TNT,CTCP Tập đoàn TNT,HOSE,"Mining, Quarrying, and Oil and Gas Extraction",2021,725,634,472,12,175,1714,5.86188E+11,27.09690655
DPG,CTCP Tập đoàn Đạt Phương,HOSE,Construction and Real Estate,2021,2145,635,43,15190,265,1140,5.95073E+12,29.41453419
TTE,CTCP Đầu tư Năng lượng Trường Thịnh,HOSE,Utilities,2021,963,269,60,25730,200,2179,1.09862E+12,27.72507399
DMC,CTCP Xuất nhập khẩu Y Tế Domesco,HOSE,Manufacturing,2021,1188,1032,33,,133,1145,1.62185E+12,28.11458947
DXV,CTCP VICEM Vật liệu Xây dựng Đà Nẵng,HOSE,Wholesale Trade,2021,36,30,52,,75,21164,1.29542E+11,25.58727357
TVT,Tổng Công ty Việt Thắng - CTCP,HOSE,Manufacturing,2021,1438,563,15,8686,94,702,1.39079E+12,27.96089128
DHG,CTCP Dược Hậu Giang,HOSE,Manufacturing,2021,2112,1715,6,547,390,1901,4.61767E+12,29.16091054
DHC,CTCP Đông Hải Bến Tre,HOSE,Manufacturing,2021,3113,2055,14,2185,367,1145,2.40127E+12,28.50701766
EVG,CTCP Tập đoàn EverLand,HOSE,Construction and Real Estate,2021,203,153,20,13,148,9249,2.03046E+12,28.33928136
EVE,CTCP Everpia,HOSE,Manufacturing,2021,626,456,19,1732,70,1135,1.26874E+12,27.86904815
TV2,CTCP Tư vấn Xây dựng Điện 2,HOSE,"Professional, Scientific, and Technical Services",2021,2137,697,11,1117,236,1061,4.46575E+12,29.12745722
DIG,Tổng Công ty cổ phần Đầu tư Phát triển Xây dựng,HOSE,Construction and Real Estate,2021,1583,688,21,6396,630,3844,1.68469E+13,30.45518806
TNI,CTCP Tập đoàn Thành Nam,HOSE,Wholesale Trade,2021,-280,-147,2,5914,85,-2982,1.12482E+12,27.7486462
DHM,CTCP Thương mại và Khai thác Khoáng sản Dương Hiếu,HOSE,"Mining, Quarrying, and Oil and Gas Extraction",2021,2174,1284,17,2979,109,556,5.36445E+11,27.00822958
DRH,CTCP DRH Holdings,HOSE,Construction and Real Estate,2021,155,51,3,5155,198,12846,2.72455E+12,28.63332507
DTT,CTCP Kỹ nghệ Đô Thành,HOSE,Manufacturing,2021,282,216,61,1288,116,4071,1.52118E+11,25.74792244
TTA,CTCP Đầu tư Xây dựng và Phát triển Trường Thành,HOSE,Utilities,2021,782,282,6,13712,137,1718,4.75362E+12,29.18992799
TRA,CTCP Traphaco,HOSE,Manufacturing,2021,1980,1439,48,212,298,1565,1.7071E+12,28.16581536
DRL,CTCP Thủy điện - Điện Lực 3,HOSE,Utilities,2021,4355,3990,91,,507,1103,1.34665E+11,25.62605408
DTL,CTCP Đại Thiên Lộc,HOSE,Manufacturing,2021,541,260,1,3986,256,4861,1.88737E+12,28.26620803
TRC,CTCP Cao su Tây Ninh,HOSE,Manufacturing,2021,623,491,62,1704,84,1347,1.97422E+12,28.31119452
TSC,CTCP Vật tư Kỹ thuật nông nghiệp Cần Thơ,HOSE,Wholesale Trade,2021,597,535,7,791,118,2064,2.30348E+12,28.46544298
DSN,CTCP Công viên nước Đầm Sen,HOSE,"Arts, Entertainment, and Recreation",2021,1267,1160,420,,335,2491,2.00709E+11,26.02512227
TPC,CTCP Nhựa Tân Đại Hưng,HOSE,Manufacturing,2021,450,210,8,7687,71,1563,7.49101E+11,27.3421397
DPR,CTCP Cao su Đồng Phú,HOSE,Manufacturing,2021,1862,1104,127,196,114,699,4.03249E+12,29.02540514
DPM,Tổng Công ty Phân bón và Hóa chất Dầu khí - CTCP,HOSE,Manufacturing,2021,3288,2472,117,841,183,628,1.39179E+13,30.26419907
DXS,CTCP Dịch vụ Bất động sản Đất Xanh,HOSE,Construction and Real Estate,2021,792,411,23,1457,172,2480,1.51478E+13,30.34887716
TTB,CTCP Tập đoàn Tiến Bộ,HOSE,Wholesale Trade,2021,127,50,1,2454,106,8362,1.41327E+12,27.97692993
DVP,CTCP Đầu tư và Phát triển Cảng Đình Vũ,HOSE,Transportation and Warehousing,2021,2087,1914,26,,176,870,1.49939E+12,28.0360827
DRC,CTCP Cao su Đà Nẵng,HOSE,Manufacturing,2021,1680,1045,7,3235,219,1334,3.13594E+12,28.77395107
DXG,CTCP Tập đoàn Đất Xanh,HOSE,Construction and Real Estate,2021,1030,449,21,3348,156,1636,2.82541E+13,30.97225832
DQC,CTCP Bóng đèn Điện Quang,HOSE,Manufacturing,2021,232,154,14,1469,95,4122,1.41015E+12,27.97471924
DCL,CTCP Dược phẩm Cửu Long,HOSE,Manufacturing,2021,881,480,6,4897,229,2662,1.78103E+12,28.20821188
FCN,CTCP FECON,HOSE,Construction and Real Estate,2021,252,96,9,8440,118,5040,7.4957E+12,29.64535125
DGC,CTCP Tập đoàn Hóa chất Đức Giang,HOSE,Manufacturing,2021,4593,3318,6,1330,432,1093,8.52039E+12,29.7734836
VAF,CTCP Phân lân Nung chảy Văn Điển,HOSE,Manufacturing,2021,608,446,67,,107,1777,6.66615E+11,27.22547828
COM,CTCP Vật tư Xăng Dầu,HOSE,Retail Trade,2021,879,778,175,,126,1477,5.35099E+11,27.00571728
DBT,CTCP Dược phẩm Bến Tre,HOSE,Wholesale Trade,2021,571,162,3,19214,113,1655,7.86992E+11,27.39148366
UDC,CTCP Xây dựng và Phát triển Đô thị Tỉnh Bà Rịa Vũng Tàu,HOSE,Construction and Real Estate,2021,-609,-218,2,6391,101,-1607,1.04914E+12,27.67898801
FIR,CTCP Địa ốc First Real,HOSE,Construction and Real Estate,2021,1032,672,3,1987,268,2728,6.33469E+11,27.174477
FDC,CTCP Ngoại thương và  Phát triển Đầu tư Thành phố Hồ Chí Minh,HOSE,Construction and Real Estate,2021,159,109,29,,99,6499,8.04713E+11,27.413751
UIC,CTCP Đầu tư Phát triển Nhà và Đô thị IDICO,HOSE,Utilities,2021,1775,1153,7,411,146,884,4.47524E+11,26.82699653
TNC,CTCP Cao su Thống Nhất,HOSE,Manufacturing,2021,1149,1020,8,,207,1782,3.8572E+11,26.67837657
DCM,CTCP Phân bón Dầu khí Cà Mau,HOSE,Manufacturing,2021,2642,1843,13,925,260,1066,1.10721E+13,30.03545147
DC4,CTCP Xây dựng DIC Holdings,HOSE,Construction and Real Estate,2021,863,523,53,2461,137,1825,9.81693E+11,27.61254456
DGW,CTCP Thế Giới Số,HOSE,Wholesale Trade,2021,4452,1361,31,6272,615,1113,6.54482E+12,29.50969541
FCM,CTCP Khoáng sản FECON,HOSE,Manufacturing,2021,231,162,26,2272,96,3788,8.05534E+11,27.41477108
DHA,CTCP Hóa An,HOSE,"Mining, Quarrying, and Oil and Gas Extraction",2021,2012,1793,234,0,176,914,5.31221E+11,26.99844478
EMC,CTCP Cơ điện Thủ Đức,HOSE,Manufacturing,2021,166,45,2,13542,162,9863,7.41971E+11,27.33257608
DBD,CTCP Dược - Trang thiết bị Y tế Bình Định (BIDIPHAR),HOSE,Manufacturing,2021,1798,1262,24,857,264,1509,1.55952E+12,28.07539791
TNA,CTCP Thương mại Xuất nhập khẩu Thiên Nam,HOSE,Wholesale Trade,2021,415,106,5,19542,144,2855,2.3383E+12,28.48044658
TNH,CTCP Bệnh viện Quốc tế Thái Nguyên,HOSE,Health Care and Social Assistance,2021,2013,1168,52,5994,290,1585,1.28592E+12,27.88249485
TYA,CTCP Dây và Cáp Điện Taya Việt Nam,HOSE,Manufacturing,2021,1385,635,14,12000,117,854,1.21594E+12,27.82653466
SFG,CTCP Phân Bón Miền Nam,HOSE,Manufacturing,2022,751,359,4,4398,74,1008,1.08284E+12,27.71060731
TPC,CTCP Nhựa Tân Đại Hưng,HOSE,Manufacturing,2022,445,215,4,7082,45,1001,6.41562E+11,27.1871723
YBM,CTCP Khoáng sản Công nghiệp Yên Bái,HOSE,Manufacturing,2022,518,217,10,11043,46,874,4.09885E+11,26.73914339
TN1,CTCP Thương mại Dịch vụ TNS Holdings,HOSE,Construction and Real Estate,2022,505,264,91,5552,88,1611,1.70945E+12,28.16719546
VPD,CTCP Phát triển Điện lực Việt Nam,HOSE,Utilities,2022,1961,1394,33,2480,156,844,2.00579E+12,28.32705709
TNA,CTCP Thương mại Xuất nhập khẩu Thiên Nam,HOSE,Wholesale Trade,2022,384,89,3,21377,52,1369,2.67105E+12,28.61349312
TIX,CTCP Sản xuất Kinh doanh Xuất nhập khẩu Dịch vụ và Đầu tư Tân Bình,HOSE,Construction and Real Estate,2022,1330,918,82,,124,939,1.20677E+12,27.81896944
VPI,CTCP Đầu tư Văn Phú - INVEST,HOSE,Construction and Real Estate,2022,1377,516,19,10552,346,2235,1.1096E+13,30.03760493
TIP,CTCP Phát triển Khu Công nghiệp Tín Nghĩa,HOSE,Construction and Real Estate,2022,849,688,106,,68,776,1.95009E+12,28.29889679
YEG,CTCP Tập đoàn Yeah1,HOSE,"Professional, Scientific, and Technical Services",2022,209,143,9,917,31,1491,1.24728E+12,27.85198972
VPH,CTCP Vạn Phát Hưng,HOSE,Construction and Real Estate,2022,189,92,7,5168,37,1935,2.24286E+12,28.43877133
THI,CTCP Thiết bị Điện,HOSE,Manufacturing,2022,319,160,49,6032,95,2832,2.27042E+12,28.45098705
VPG,CTCP Đầu tư Thương mại Xuất nhập khẩu Việt Phát,HOSE,Wholesale Trade,2022,522,150,38,11354,74,1642,5.97749E+12,29.41902244
SGN,CTCP Phục vụ Mặt đất Sài Gòn,HOSE,Transportation and Warehousing,2022,1641,1370,64,,244,1524,1.07654E+12,27.70477585
TRA,CTCP Traphaco,HOSE,Manufacturing,2022,2033,1528,40,290,267,1371,1.81627E+12,28.22780333
RDP,CTCP Rạng Đông Holding,HOSE,Manufacturing,2022,208,53,4,18758,50,2753,2.46461E+12,28.53305455
SGR,CTCP Tổng CTCP Địa ốc Sài Gòn,HOSE,Construction and Real Estate,2022,2730,1078,38,3549,91,371,1.99908E+12,28.32371054
SFI,CTCP Đại lý Vận tải SAFI,HOSE,Transportation and Warehousing,2022,3038,2197,69,,94,262,9.96424E+11,27.62743894
REE,CTCP Cơ Điện Lạnh,HOSE,Construction and Real Estate,2022,1514,819,28,5937,132,897,3.39146E+13,31.15486544
TNC,CTCP Cao su Thống Nhất,HOSE,Manufacturing,2022,1518,1312,8,582,383,2542,4.0401E+11,26.72470453
VSC,CTCP Container Việt Nam,HOSE,Transportation and Warehousing,2022,1014,823,83,2838,115,1096,4.36681E+12,29.10505396
SBV,CTCP Siam Brothers Việt Nam,HOSE,Manufacturing,2022,249,147,6,4928,59,2323,8.6505E+11,27.48605369
VTB,CTCP Viettronics Tân Bình,HOSE,Manufacturing,2022,967,740,50,427,86,871,2.3442E+11,26.180379
TNI,CTCP Tập đoàn Thành Nam,HOSE,Wholesale Trade,2022,58,30,3,5872,33,5326,9.70338E+11,27.60091011
SC5,CTCP Xây dựng Số 5,HOSE,Construction and Real Estate,2022,657,94,25,17849,76,1130,2.41216E+12,28.51154314
SAM,CTCP SAM HOLDINGS,HOSE,Manufacturing,2022,6,4,15,3030,50,74696,7.23618E+12,29.6101143
VSI,CTCP Đầu tư và Xây dựng Cấp thoát nước,HOSE,Construction and Real Estate,2022,1171,455,42,8406,121,986,5.3509E+11,27.00570011
SBA,CTCP Sông Ba,HOSE,Utilities,2022,2709,1865,40,2755,145,561,1.32623E+12,27.91336084
TMP,CTCP Thủy điện Thác Mơ,HOSE,Utilities,2022,3711,2677,13,2458,205,604,2.29438E+12,28.46148574
TNH,CTCP Bệnh viện Quốc tế Thái Nguyên,HOSE,Health Care and Social Assistance,2022,1653,1049,26,4781,197,1259,1.39413E+12,27.96328945
TLH,CTCP Tập đoàn Thép Tiến Lên,HOSE,Wholesale Trade,2022,28,13,5,8126,34,12062,4.19999E+12,29.066104
SAV,CTCP Hợp tác Kinh tế và Xuất nhập khẩu Savimex,HOSE,Manufacturing,2022,1561,948,54,716,71,456,5.57878E+11,27.04740589
VSH,CTCP Thủy điện Vĩnh Sơn - Sông Hinh,HOSE,Utilities,2022,2799,1282,23,8057,149,590,9.71032E+12,29.90420999
TLG,CTCP Tập đoàn Thiên Long,HOSE,Manufacturing,2022,2119,1510,49,1259,203,988,2.86904E+12,28.68499722
VTO,CTCP Vận tải Xăng dầu Vitaco,HOSE,Transportation and Warehousing,2022,638,425,209,3200,51,796,1.69247E+12,28.15720788
SCS,CTCP Dịch vụ Hàng hóa Sài Gòn,HOSE,Transportation and Warehousing,2022,4817,4350,44,,491,782,1.55557E+12,28.07286397
TNT,CTCP Tập đoàn TNT,HOSE,"Mining, Quarrying, and Oil and Gas Extraction",2022,125,117,917,541,28,2266,6.02427E+11,27.12423211
TMT,CTCP Ô tô TMT,HOSE,Manufacturing,2022,1083,146,1,22973,79,716,3.50642E+12,28.88561704
SFC,CTCP Nhiên liệu Sài Gòn,HOSE,Retail Trade,2022,1129,841,235,,126,1108,2.32539E+11,26.17232507
S4A,CTCP Thủy điện Sê San 4A,HOSE,Utilities,2022,2844,1731,45,4174,228,840,1.01095E+12,27.64191046
VPS,CTCP Thuốc sát trùng Việt Nam (VIPESCO),HOSE,Manufacturing,2022,517,350,39,1147,61,1190,5.1337E+11,26.96426201
SCD,CTCP Nước giải khát Chương Dương,HOSE,Manufacturing,2022,-3692,-1005,14,35162,162,-359,5.97339E+11,27.11575019
TMS,CTCP Transimex,HOSE,Transportation and Warehousing,2022,1815,1225,64,2136,152,918,5.67595E+12,29.36725865
VRE,CTCP Vincom Retail,HOSE,Construction and Real Estate,2022,866,689,121,953,179,2153,4.27011E+13,31.38524552
SCR,CTCP Địa ốc Sài Gòn Thương Tín,HOSE,Construction and Real Estate,2022,99,51,4,3767,43,4070,9.69128E+12,29.90224721
TLD,CTCP Đầu tư Xây dựng và Phát triển Đô thị Thăng Long,HOSE,Manufacturing,2022,233,175,9,1943,28,1125,1.03945E+12,27.66971727
SAB,Tổng Công ty cổ phần Bia - Rượu - Nước giải khát Sài Gòn,HOSE,Manufacturing,2022,2331,1609,44,420,435,2049,3.44651E+13,31.17096763
VRC,CTCP Bất động sản và Đầu tư VRC,HOSE,Construction and Real Estate,2022,135,98,5,1575,33,2446,1.60206E+12,28.10230948
SGT,CTCP Công nghệ Viễn Thông Sài Gòn,HOSE,Wholesale Trade,2022,532,159,3,10252,121,1653,5.48803E+12,29.33359129
TVT,Tổng Công ty Việt Thắng - CTCP,HOSE,Manufacturing,2022,883,343,24,12862,78,886,1.81328E+12,28.2261586
TCR,CTCP Công nghiệp Gốm sứ Taicera,HOSE,Manufacturing,2022,39,19,11,5633,33,8342,9.43637E+11,27.57300696
VHC,CTCP Vĩnh Hoàn,HOSE,Manufacturing,2022,2911,1946,15,3103,166,645,1.15804E+13,30.08033315
STG,CTCP Kho vận Miền Nam,HOSE,Transportation and Warehousing,2022,1265,872,72,895,185,1649,2.78403E+12,28.65492241
SVC,CTCP Dịch vụ Tổng hợp Sài Gòn,HOSE,Retail Trade,2022,1538,629,16,9171,78,573,6.14673E+12,29.44694061
TYA,CTCP Dây và Cáp Điện Taya Việt Nam,HOSE,Manufacturing,2022,651,282,16,9954,77,1181,1.0476E+12,27.6775207
STK,CTCP Sợi Thế Kỷ,HOSE,Manufacturing,2022,1730,1183,40,1999,146,804,2.12503E+12,28.38480842
VGC,Tổng Công ty Viglacera - CTCP,HOSE,Retail Trade,2022,1982,769,24,3999,168,877,2.29589E+13,30.76472771
TCT,CTCP Cáp treo Núi Bà Tây Ninh,HOSE,Transportation and Warehousing,2022,962,910,8,,137,1477,3.4313E+11,26.5613763
VIC,Tập đoàn VINGROUP - CTCP,HOSE,Construction and Real Estate,2022,566,167,9,12400,151,2456,5.74807E+14,33.98505595
TDC,CTCP Kinh doanh và Phát triển Bình Dương,HOSE,Construction and Real Estate,2022,241,66,2,13949,83,3355,3.83944E+12,28.97634691
SRC,CTCP Cao su Sao Vàng,HOSE,Manufacturing,2022,636,224,7,8127,116,1841,1.24503E+12,27.85017756
SRF,CTCP Searefico,HOSE,Construction and Real Estate,2022,-2819,-789,20,11915,82,-249,1.73056E+12,28.17946888
VHM,CTCP Vinhomes,HOSE,Construction and Real Estate,2022,2060,973,6,2438,141,725,3.61813E+14,33.52214764
ST8,CTCP Siêu Thanh,HOSE,Wholesale Trade,2022,6971,5197,497,,76,96,3.12094E+11,26.46656998
TV2,CTCP Tư vấn Xây dựng Điện 2,HOSE,"Professional, Scientific, and Technical Services",2022,556,205,12,899,109,1384,3.01843E+12,28.73575847
SSC,CTCP Giống cây trồng Miền Nam,HOSE,Agriculture Production,2022,1346,973,53,,100,750,5.26958E+11,26.99038739
VFG,CTCP Khử trùng Việt Nam,HOSE,Wholesale Trade,2022,2136,986,13,1601,128,546,2.75647E+12,28.64497227
UIC,CTCP Đầu tư Phát triển Nhà và Đô thị IDICO,HOSE,Utilities,2022,1497,1112,43,841,84,584,4.8449E+11,26.90636183
SZL,CTCP Sonadezi Long Thành,HOSE,Construction and Real Estate,2022,1673,543,101,4342,146,871,1.96822E+12,28.30814852
SZC,CTCP Sonadezi Châu Đức,HOSE,Construction and Real Estate,2022,1316,330,17,17176,171,1327,6.335E+12,29.47711024
VCF,CTCP Vinacafé Biên Hòa,HOSE,Manufacturing,2022,2182,1575,50,1513,356,1857,2.10625E+12,28.37593025
TCD,CTCP Đầu tư Phát triển Công nghiệp và Vận tải,HOSE,Construction and Real Estate,2022,1227,384,5,7352,39,414,9.84248E+12,29.91772918
VAF,CTCP Phân lân Nung chảy Văn Điển,HOSE,Manufacturing,2022,807,592,92,,70,875,6.12707E+11,27.14115275
VCA,CTCP Thép VICASA - VNSTEEL,HOSE,Manufacturing,2022,-277,-124,10,8239,88,-2754,3.71443E+11,26.6406619
TBC,CTCP Thủy điện Thác Bà,HOSE,Utilities,2022,2501,2045,95,1201,136,578,1.5945E+12,28.09758362
TCL,CTCP Đại lý Giao nhận Vận tải Xếp dỡ Tân Cảng,HOSE,Transportation and Warehousing,2022,2201,1462,45,424,175,780,8.1691E+11,27.42879517
VDP,CTCP Dược phẩm Trung ương VIDIPHA,HOSE,Manufacturing,2022,1184,676,17,5217,98,866,1.11817E+12,27.7427125
SVI,CTCP Bao bì Biên Hòa,HOSE,Manufacturing,2022,1713,980,15,1949,108,671,1.21858E+12,27.82870628
TCO,CTCP Vận tải Đa phương thức Duyên Hải,HOSE,Transportation and Warehousing,2022,1327,1265,13,,46,318,3.24038E+11,26.50412527
SVD,CTCP Đầu tư & Thương mại Vũ Đăng,HOSE,Manufacturing,2022,-108,-59,66,5428,29,-2784,4.41303E+11,26.8129985
VCG,Tổng Công ty cổ phần Xuất nhập khẩu và Xây dựng Việt Nam,HOSE,Construction and Real Estate,2022,1072,248,13,13742,85,1023,3.19993E+13,31.09673527
SVT,CTCP Công nghệ Sài Gòn Viễn Đông,HOSE,Manufacturing,2022,1265,1257,405,,77,569,2.09847E+11,26.06964317
TCM,CTCP Dệt may - Đầu tư - Thương mại Thành Công,HOSE,Manufacturing,2022,1515,789,32,4848,219,1467,3.47707E+12,28.87721011
UDC,CTCP Xây dựng và Phát triển Đô thị Tỉnh Bà Rịa Vũng Tàu,HOSE,Construction and Real Estate,2022,-1118,-402,3,6665,53,-450,9.17745E+11,27.54518584
VID,CTCP Đầu tư Phát triển Thương mại Viễn Đông,HOSE,Wholesale Trade,2022,460,218,15,5957,42,882,1.21171E+12,27.82305386
TEG,CTCP Năng lượng và Bất động sản Trường Thành,HOSE,Manufacturing,2022,470,360,4,1524,56,1222,1.23648E+12,27.84328639
SJD,CTCP Thủy điện Cần Đơn,HOSE,Utilities,2022,1507,1092,148,2061,94,668,1.43539E+12,27.99245585
VNM,CTCP Sữa Việt Nam,HOSE,Manufacturing,2022,2480,1673,15,1503,485,1868,4.84827E+13,31.51222741
SII,CTCP Hạ tầng Nước Sài Gòn,HOSE,Utilities,2022,-648,-388,4,6451,75,-1088,2.22526E+12,28.43089686
TDW,CTCP Cấp nước Thủ Đức,HOSE,Utilities,2022,2299,1132,78,1838,145,720,4.61908E+11,26.85863118
SJF,CTCP Đầu tư Sao Thái Dương,HOSE,Agriculture Production,2022,-95,-73,9,1361,31,-3208,1.04885E+12,27.67871376
VNL,CTCP Logistics Vinalink,HOSE,Transportation and Warehousing,2022,1881,1147,124,,79,441,3.59542E+11,26.60809627
TTA,CTCP Đầu tư Xây dựng và Phát triển Trường Thành,HOSE,Utilities,2022,1208,477,21,11256,78,642,4.60553E+12,29.15827906
TSC,CTCP Vật tư Kỹ thuật nông nghiệp Cần Thơ,HOSE,Wholesale Trade,2022,-191,-171,8,363,26,-1346,2.63105E+12,28.59840593
SHA,CTCP Sơn Hà Sài Gòn,HOSE,Manufacturing,2022,441,180,7,12499,33,738,1.02065E+12,27.6514613
VOS,CTCP Vận tải Biển Việt Nam,HOSE,Transportation and Warehousing,2022,3846,1799,6,,107,336,2.6781E+12,28.61612742
THG,CTCP Đầu tư và Xây dựng Tiền Giang,HOSE,Manufacturing,2022,2455,835,25,7666,122,507,1.84858E+12,28.2454406
TRC,CTCP Cao su Tây Ninh,HOSE,Manufacturing,2022,478,379,38,1599,56,1185,1.98267E+12,28.31546784
VNS,CTCP Ánh Dương Việt Nam,HOSE,Transportation and Warehousing,2022,1418,1078,112,1758,84,635,1.83657E+12,28.23892263
SHP,CTCP Thủy điện Miền Nam,HOSE,Utilities,2022,2306,1783,108,1651,185,829,1.76899E+12,28.20142982
SHI,CTCP Quốc tế Sơn Hà,HOSE,Manufacturing,2022,350,88,4,18672,123,3909,7.32599E+12,29.62244951
TGG,CTCP Louis Capital,HOSE,Construction and Real Estate,2022,-571,-340,39,1160,27,-447,4.83816E+11,26.90497132
VNG,CTCP Du lịch Thành Thành Công,HOSE,Accommodation and Food Services,2022,23,10,13,11822,85,36326,2.84275E+12,28.67579169
TDH,CTCP Phát triển Nhà Thủ Đức,HOSE,Construction and Real Estate,2022,244,80,,,69,2398,1.4319E+12,27.99002243
SMC,CTCP Đầu tư Thương mại SMC,HOSE,Wholesale Trade,2022,-2858,-668,14,20751,41,-112,8.32909E+12,29.7507758
TTE,CTCP Đầu tư Năng lượng Trường Thịnh,HOSE,Utilities,2022,473,119,2,22804,108,2344,1.3352E+12,27.92010306
VJC,CTCP Hàng không Vietjet,HOSE,Transportation and Warehousing,2022,-1397,-366,6,12276,416,-2731,6.71468E+13,31.83790244
TTF,CTCP Tập đoàn Kỹ nghệ gỗ Trường Thành,HOSE,Manufacturing,2022,233,36,11,755,348,14810,3.04619E+12,28.74491248
TDG,CTCP Đầu tư TDG GLOBAL,HOSE,Wholesale Trade,2022,512,196,3,11774,27,549,5.77289E+11,27.081608
VIP,CTCP Vận tải Xăng dầu Vipco,HOSE,Transportation and Warehousing,2022,2080,1689,104,,45,238,1.45931E+12,28.00898279
SPM,CTCP SPM,HOSE,Manufacturing,2022,302,224,7,2639,24,807,1.06548E+12,27.69444241
SMB,CTCP Bia Sài Gòn - Miền Trung,HOSE,Manufacturing,2022,3183,1929,12,1160,219,718,9.78496E+11,27.60928266
VNE,Tổng Công ty cổ phần Xây dựng Điện Việt Nam,HOSE,Construction and Real Estate,2022,245,69,6,15908,71,2930,3.93724E+12,29.00150211
SKG,CTCP Tàu cao tốc Superdong - Kiên Giang,HOSE,Transportation and Warehousing,2022,523,515,83,,108,2122,8.57093E+11,27.47681265
SJS,CTCP Đầu tư Phát triển Đô thị và Khu công nghiệp Sông Đà,HOSE,Construction and Real Estate,2022,501,174,2,6244,201,4330,6.77953E+12,29.54492855
TDP,CTCP Thuận Đức,HOSE,Manufacturing,2022,1222,309,16,27855,270,2101,3.3211E+12,28.83131735
VMD,CTCP Y Dược phẩm Vimedimex,HOSE,Wholesale Trade,2022,866,83,8,,77,912,3.0519E+12,28.74678397
TDM,CTCP Nước Thủ Dầu Một,HOSE,Utilities,2022,1134,916,13,1255,181,1679,2.40443E+12,28.50833375
TTB,CTCP Tập đoàn Tiến Bộ,HOSE,Wholesale Trade,2022,34,16,1,2147,39,13789,1.98684E+12,28.31756741
SMA,CTCP Thiết bị Phụ tùng Sài Gòn,HOSE,Wholesale Trade,2022,1366,729,4,6492,68,526,3.89916E+11,26.68919723
DLG,CTCP Tập đoàn Đức Long Gia Lai,HOSE,Manufacturing,2022,-4812,-1383,5,21090,46,-73,5.9014E+12,29.40621088
DMC,CTCP Xuất nhập khẩu Y Tế Domesco,HOSE,Manufacturing,2022,1416,1163,13,,98,713,1.81956E+12,28.22961797
DPG,CTCP Tập đoàn Đạt Phương,HOSE,Construction and Real Estate,2022,1922,634,53,12060,81,468,6.13899E+12,29.4456806
DIG,Tổng Công ty cổ phần Đầu tư Phát triển Xây dựng,HOSE,Construction and Real Estate,2022,190,93,6,4963,113,5344,1.47434E+13,30.3218143
DHC,CTCP Đông Hải Bến Tre,HOSE,Manufacturing,2022,2193,1432,17,2959,151,608,2.88248E+12,28.68967141
DHG,CTCP Dược Hậu Giang,HOSE,Manufacturing,2022,2445,2020,4,267,259,1123,5.16819E+12,29.27354297
DHM,CTCP Thương mại và Khai thác Khoáng sản Dương Hiếu,HOSE,"Mining, Quarrying, and Oil and Gas Extraction",2022,34,22,13,4254,87,25124,5.41646E+11,27.01787929
DPM,Tổng Công ty Phân bón và Hóa chất Dầu khí - CTCP,HOSE,Manufacturing,2022,4500,3520,70,504,120,302,1.76988E+13,30.50451772
DRL,CTCP Thủy điện - Điện Lực 3,HOSE,Utilities,2022,5201,4625,65,,536,1003,1.33313E+11,25.61596787
DSN,CTCP Công viên nước Đầm Sen,HOSE,"Arts, Entertainment, and Recreation",2022,4973,4456,284,,248,576,2.83336E+11,26.36989896
DTA,CTCP Đệ Tam,HOSE,Construction and Real Estate,2022,434,121,3,7319,44,1046,7.49545E+11,27.34273213
DRH,CTCP DRH Holdings,HOSE,Construction and Real Estate,2022,2,1,7,4304,36,163645,3.83945E+12,28.97635135
DPR,CTCP Cao su Đồng Phú,HOSE,Manufacturing,2022,1015,605,104,17,76,916,4.16486E+12,29.05770386
DQC,CTCP Bóng đèn Điện Quang,HOSE,Manufacturing,2022,147,95,4,2291,50,3404,1.48509E+12,28.026495
DRC,CTCP Cao su Đà Nẵng,HOSE,Manufacturing,2022,1668,937,10,3599,128,797,3.4178E+12,28.86001783
DAH,CTCP Tập đoàn Khách sạn Đông Á,HOSE,Accommodation and Food Services,2022,613,475,6,2076,41,679,1.16226E+12,27.78138499
DAT,CTCP Đầu tư du lịch và Phát triển Thủy sản,HOSE,Manufacturing,2022,1105,474,24,11181,84,730,1.75266E+12,28.19215819
DBC,CTCP Tập đoàn Dabaco Việt Nam,HOSE,Manufacturing,2022,317,128,9,9592,71,1939,1.25264E+13,30.15886123
DAG,CTCP Tập đoàn Nhựa Đông Á,HOSE,Manufacturing,2022,108,35,,17601,33,3055,2.17853E+12,28.40967135
CTR,Tổng Công ty cổ phần Công trình Viettel,HOSE,Information and Technology,2022,3017,885,10,9019,355,1187,6.04096E+12,29.42958481
CVT,CTCP CMC,HOSE,Manufacturing,2022,1195,340,13,20534,175,1540,3.37638E+12,28.84782472
D2D,CTCP Phát triển Đô thị Công nghiệp số 2,HOSE,Construction and Real Estate,2022,163,100,19,,69,4007,1.66364E+12,28.14002907
DBD,CTCP Dược - Trang thiết bị Y tế Bình Định (BIDIPHAR),HOSE,Manufacturing,2022,1964,1410,14,563,219,1083,1.89572E+12,28.27061836
DGC,CTCP Tập đoàn Hóa chất Đức Giang,HOSE,Manufacturing,2022,6484,5076,60,432,206,305,1.34052E+13,30.22666252
DGW,CTCP Thế Giới Số,HOSE,Wholesale Trade,2022,3253,1060,21,8071,254,696,6.35529E+12,29.48030851
DHA,CTCP Hóa An,HOSE,"Mining, Quarrying, and Oil and Gas Extraction",2022,1149,1023,141,,123,1038,4.91413E+11,26.92055007
DCM,CTCP Phân bón Dầu khí Cà Mau,HOSE,Manufacturing,2022,4773,3420,74,3,132,325,1.41669E+13,30.2819266
DBT,CTCP Dược phẩm Bến Tre,HOSE,Wholesale Trade,2022,1912,467,2,18308,71,421,8.4072E+11,27.4575242
DC4,CTCP Xây dựng DIC Holdings,HOSE,Construction and Real Estate,2022,4,2,6,2935,59,136709,1.15695E+12,27.77680814
DCL,CTCP Dược phẩm Cửu Long,HOSE,Manufacturing,2022,936,575,10,3691,129,1543,2.10532E+12,28.37548996
GAS,Tổng Công ty Khí Việt Nam - CTCP,HOSE,Utilities,2022,2611,1833,84,994,318,1313,8.26627E+13,32.04578901
GDT,CTCP Chế biến Gỗ Đức Thành,HOSE,Manufacturing,2022,2475,1760,18,1015,232,983,4.06006E+11,26.72963375
GEG,CTCP Điện Gia Lai,HOSE,Utilities,2022,791,213,16,17633,91,1589,1.71182E+13,30.47116068
GAB,CTCP Đầu tư Khai Khoáng và Quản lý Tài sản FLC,HOSE,Manufacturing,2022,-165,-101,2,1284,1821,-108256,2.40779E+11,26.20714542
FMC,CTCP Thực phẩm Sao Ta,HOSE,Manufacturing,2022,1510,1086,68,2436,100,681,2.98881E+12,28.72589542
FPT,CTCP FPT,HOSE,Information and Technology,2022,2271,1008,26,4884,333,1464,5.16504E+13,31.57551913
FRT,CTCP Bán lẻ Kỹ thuật số FPT,HOSE,Retail Trade,2022,2094,366,9,26171,399,1786,1.05238E+13,29.98466018
GEX,CTCP Tập đoàn GELEX,HOSE,Manufacturing,2022,178,65,18,8021,50,2862,5.23848E+13,31.58963825
GSP,CTCP Vận tải Sản Phẩm Khí Quốc tế,HOSE,Transportation and Warehousing,2022,1166,582,27,7260,70,632,1.49394E+12,28.03243975
GTA,CTCP Chế biến gỗ Thuận An,HOSE,Manufacturing,2022,622,243,16,9631,73,1159,3.76125E+11,26.65318862
GVR,Tập đoàn Công nghiệp Cao su Việt Nam - CTCP,HOSE,Manufacturing,2022,903,488,42,1388,103,1438,7.83769E+13,31.99255074
GMH,CTCP Minh Hưng Quảng Trị,HOSE,Manufacturing,2022,1324,1239,33,,87,629,1.99567E+11,26.01941344
GIL,CTCP Sản xuất Kinh doanh và Xuất nhập khẩu Bình Thạnh,HOSE,Manufacturing,2022,1753,933,57,3212,50,288,3.98834E+12,29.01439556
GMC,CTCP Garmex Sài Gòn,HOSE,Manufacturing,2022,-1126,-956,379,619,70,-496,5.49046E+11,27.03144823
GMD,CTCP Gemadept,HOSE,Transportation and Warehousing,2022,1328,832,40,2555,172,1375,1.31904E+13,30.21051345
DXS,CTCP Dịch vụ Bất động sản Đất Xanh,HOSE,Construction and Real Estate,2022,397,201,7,2796,37,839,1.65122E+13,30.43512323
DXV,CTCP VICEM Vật liệu Xây dựng Đà Nẵng,HOSE,Wholesale Trade,2022,18,15,31,,36,20347,1.3719E+11,25.6446323
ELC,CTCP Công Nghệ - Viễn Thông Elcom,HOSE,Information and Technology,2022,420,273,32,222,63,1607,1.14488E+12,27.76631726
DXG,CTCP Tập đoàn Đất Xanh,HOSE,Construction and Real Estate,2022,109,50,7,4116,55,5190,3.07714E+13,31.05760731
DTL,CTCP Đại Thiên Lộc,HOSE,Manufacturing,2022,-1260,-595,2,11994,171,-1273,2.35475E+12,28.48745568
DTT,CTCP Kỹ nghệ Đô Thành,HOSE,Manufacturing,2022,736,578,90,1586,78,1088,1.66741E+11,25.83970701
DVP,CTCP Đầu tư và Phát triển Cảng Đình Vũ,HOSE,Transportation and Warehousing,2022,2057,1891,33,,133,648,1.49782E+12,28.03503116
EMC,CTCP Cơ điện Thủ Đức,HOSE,Manufacturing,2022,34,8,7,11866,119,35136,6.88111E+11,27.25721625
FDC,CTCP Ngoại thương và  Phát triển Đầu tư Thành phố Hồ Chí Minh,HOSE,Construction and Real Estate,2022,-3634,-2786,7,,178,-400,6.13556E+11,27.14253772
FIR,CTCP Địa ốc First Real,HOSE,Construction and Real Estate,2022,2033,1184,11,4800,292,1512,1.30286E+12,27.89558568
FIT,CTCP Tập đoàn F.I.T,HOSE,Manufacturing,2022,92,74,17,1504,21,2290,6.90503E+12,29.56327127
FCN,CTCP FECON,HOSE,Construction and Real Estate,2022,122,52,6,7811,43,3742,7.56617E+12,29.65470746
EVE,CTCP Everpia,HOSE,Manufacturing,2022,924,675,18,2790,58,639,1.45687E+12,28.00730995
EVG,CTCP Tập đoàn EverLand,HOSE,Construction and Real Estate,2022,128,110,13,,27,2476,2.82613E+12,28.66992835
FCM,CTCP Khoáng sản FECON,HOSE,Manufacturing,2022,372,258,24,2185,28,766,8.30453E+11,27.44523716
ASP,CTCP Tập đoàn Dầu khí An Pha,HOSE,Utilities,2022,249,60,9,14834,39,1569,2.07814E+12,28.36249451
AST,CTCP Dịch vụ Hàng không Taseco,HOSE,Retail Trade,2022,779,428,63,839,563,11081,5.78866E+11,27.08433622
BAF,CTCP Nông nghiệp BAF Việt Nam,HOSE,Agriculture Production,2022,1824,564,5,5468,151,746,4.90832E+12,29.22195317
ASM,CTCP Tập đoàn Sao Mai,HOSE,Agriculture Production,2022,819,339,11,12536,33,406,1.91109E+13,30.58128082
APC,CTCP Chiếu xạ An Phú,HOSE,Agriculture Production,2022,-143,-91,5,5132,44,-3072,9.73919E+11,27.6045935
APH,CTCP Tập đoàn An Phát Holdings,HOSE,Manufacturing,2022,-22,-11,48,7166,27,-12265,1.2543E+13,30.16018155
ASG,CTCP Tập đoàn ASG,HOSE,Transportation and Warehousing,2022,950,349,34,4206,107,2165,3.03095E+12,28.73989683
BBC,CTCP Bibica,HOSE,Manufacturing,2022,1619,1083,3,2275,47,1097,1.84902E+12,28.24567695
BHN,Tổng Công ty cổ phần Bia - Rượu - Nước giải khát Hà Nội,HOSE,Manufacturing,2022,992,646,28,182,201,2304,7.23318E+12,29.60969964
BKG,CTCP Đầu tư BKG Việt Nam,HOSE,Manufacturing,2022,414,374,57,195,28,788,9.24316E+11,27.55231972
BMC,CTCP Khoáng sản Bình Định,HOSE,"Mining, Quarrying, and Oil and Gas Extraction",2022,1002,884,337,,70,711,2.39092E+11,26.20011499
BFC,CTCP Phân bón Bình Điền,HOSE,Manufacturing,2022,1040,347,19,15390,71,679,4.28858E+12,29.08697602
BCE,CTCP Xây dựng và Giao thông Bình Dương,HOSE,Construction and Real Estate,2022,-1610,-802,6,2751,59,-337,6.48337E+11,27.19767579
BCG,CTCP Tập đoàn Bamboo Capital,HOSE,Construction and Real Estate,2022,310,84,6,10821,24,902,4.40062E+13,31.41535272
BCM,Tổng Công ty Đầu tư và Phát triển Công nghiệp – CTCP,HOSE,Construction and Real Estate,2022,963,346,6,8906,468,4951,4.85191E+13,31.5129778
ABS,CTCP Dịch vụ Nông nghiệp Bình Thuận,HOSE,Wholesale Trade,2022,234,146,,3816,30,1535,2.1235E+12,28.38408873
ABT,CTCP Xuất nhập khẩu Thủy sản Bến Tre,HOSE,Manufacturing,2022,1446,1057,86,1878,87,630,6.2254E+11,27.15707358
ACC,CTCP Đầu tư và Xây dựng Bình Dương ACC,HOSE,Manufacturing,2022,984,508,18,5225,97,1303,2.09957E+12,28.37275371
ABR,CTCP Đầu tư Nhãn hiệu Việt,HOSE,Wholesale Trade,2022,1087,859,26,,61,593,3.72183E+11,26.64265073
AAA,CTCP Nhựa An Phát Xanh,HOSE,Manufacturing,2022,268,150,52,5075,42,1549,1.07813E+13,30.00883579
AAM,CTCP Thủy sản MeKong,HOSE,Manufacturing,2022,837,805,129,,57,708,2.1858E+11,26.11041582
AAT,CTCP Tập Đoàn Tiên Sơn Thanh Hóa ,HOSE,Wholesale Trade,2022,1272,877,7,3174,43,355,1.05345E+12,27.6830877
ACG,CTCP Gỗ An Cường,HOSE,Manufacturing,2022,1601,1178,25,2080,123,695,5.46721E+12,29.329789
AGM,CTCP Xuất Nhập khẩu An Giang,HOSE,Manufacturing,2022,-3235,-801,2,31377,45,-124,1.65142E+12,28.13265576
AMD,CTCP Đầu tư và Khoáng sản FLC Stone,HOSE,Retail Trade,2022,-806,-622,,1342,10,-121,2.20711E+12,28.42270569
ANV,CTCP Nam Việt,HOSE,Manufacturing,2022,2582,1301,1,6669,99,425,5.46765E+12,29.3298706
AGG,CTCP Đầu tư và Phát triển Bất động sản An Gia,HOSE,Construction and Real Estate,2022,70,16,12,5629,140,17030,1.10985E+13,30.03783363
ACL,CTCP Xuất nhập khẩu Thủy sản Cửu Long An Giang,HOSE,Manufacturing,2022,1541,802,6,6233,64,449,1.48137E+12,28.0239885
ADG,CTCP Clever Group,HOSE,"Professional, Scientific, and Technical Services",2022,1648,1139,42,755,155,962,4.09723E+11,26.73874632
ADS,CTCP Damsan,HOSE,Manufacturing,2022,1086,324,4,11738,63,557,2.18169E+12,28.4111231
CMV,CTCP Thương nghiệp Cà Mau,HOSE,Retail Trade,2022,934,487,22,5370,78,837,4.88643E+11,26.91489777
CMX,CTCP Camimex Group,HOSE,Manufacturing,2022,675,247,2,7808,56,1102,2.91403E+12,28.70055865
CNG,CTCP CNG Việt Nam,HOSE,Utilities,2022,2160,982,60,1240,114,549,1.27328E+12,27.87261746
CMG,CTCP Tập đoàn Công nghệ CMC,HOSE,Information and Technology,2022,1061,406,13,4597,196,1732,,#NUM!
CLC,CTCP Cát Lợi,HOSE,Manufacturing,2022,1739,1153,4,3255,100,597,1.38511E+12,27.95680285
CLL,CTCP Cảng Cát Lái,HOSE,Transportation and Warehousing,2022,1396,1311,430,,131,942,7.03998E+11,27.28004196
CLW,CTCP Cấp nước Chợ Lớn,HOSE,Utilities,2022,1281,625,16,3804,128,1038,5.05947E+11,26.94969694
COM,CTCP Vật tư Xăng Dầu,HOSE,Retail Trade,2022,28,24,119,,93,31477,5.2604E+11,26.98864294
CTD,CTCP Xây dựng Coteccons,HOSE,Construction and Real Estate,2022,25,13,10,1311,30,11738,1.89671E+13,30.57372554
CTF,CTCP City Auto,HOSE,Retail Trade,2022,1287,521,5,14184,270,2182,2.5267E+12,28.55793376
CTI,CTCP Đầu tư Phát triển Cường Thuận IDICO,HOSE,Construction and Real Estate,2022,745,200,9,19931,52,753,4.49641E+12,29.13430107
CSV,CTCP Hóa chất Cơ bản Miền Nam,HOSE,Manufacturing,2022,2738,2233,66,884,94,378,1.71842E+12,28.17242585
CRC,CTCP Create Capital Việt Nam,HOSE,Manufacturing,2022,720,405,17,6858,48,688,6.47305E+11,27.19608314
CRE,CTCP Bất động sản Thế Kỷ,HOSE,Construction and Real Estate,2022,434,282,7,1789,85,1322,7.66693E+12,29.66793792
CSM,CTCP Công nghiệp Cao su Miền Nam,HOSE,Manufacturing,2022,619,189,1,17512,115,1884,4.20424E+12,29.06711394
BWE,CTCP Nước - Môi trường Bình Dương,HOSE,Utilities,2022,1755,779,14,8854,210,1286,9.98729E+12,29.93233462
C32,CTCP CIC39,HOSE,"Mining, Quarrying, and Oil and Gas Extraction",2022,350,207,25,5883,47,1345,1.01045E+12,27.64141238
C47,CTCP Xây dựng 47,HOSE,Construction and Real Estate,2022,376,85,2,17046,48,1399,1.84406E+12,28.24299063
BTT,CTCP Thương mại Dịch vụ Bến Thành,HOSE,Retail Trade,2022,498,385,73,,146,2974,4.70848E+11,26.87780199
BMP,CTCP Nhựa Bình Minh,HOSE,Manufacturing,2022,2825,2360,89,210,187,707,3.04479E+12,28.7444537
BRC,CTCP Cao su Bến Thành,HOSE,Manufacturing,2022,883,600,23,2735,60,678,3.09231E+11,26.45735507
BTP,CTCP Nhiệt điện Bà Rịa,HOSE,Utilities,2022,562,403,86,1977,68,1197,1.5994E+12,28.10065093
CAV,CTCP Dây Cáp điện Việt Nam,HOSE,Manufacturing,2022,2117,677,3,10079,157,748,4.70995E+12,29.18069806
CIG,CTCP COMA 18,HOSE,Construction and Real Estate,2022,-400,-91,,11036,73,-1801,7.29552E+11,27.315696
CII,CTCP Đầu tư Hạ tầng Kỹ thuật Thành phố Hồ Chí Minh,HOSE,Construction and Real Estate,2022,875,246,3,17504,39,440,2.85956E+13,30.98427492
CKG,CTCP Tập đoàn Tư vấn Đầu tư Xây dựng Kiên Giang,HOSE,Construction and Real Estate,2022,1580,345,4,13824,167,1052,4.96122E+12,29.23267181
CHP,CTCP Thủy điện Miền Trung,HOSE,Utilities,2022,2623,1562,55,5073,166,651,3.2597E+12,28.81265642
CCI,CTCP Đầu tư Phát triển Công nghiệp Thương mại Củ Chi,HOSE,Retail Trade,2022,915,340,134,,189,2007,7.78312E+11,27.38039333
CCL,CTCP Đầu Tư và Phát triển Đô Thị Dầu khí Cửu Long,HOSE,Construction and Real Estate,2022,913,438,2,6503,43,464,1.3609E+12,27.93917044
CDC,CTCP Chương Dương,HOSE,Construction and Real Estate,2022,671,144,8,20587,123,1874,1.67891E+12,28.1491663
HAG,CTCP Hoàng Anh Gia Lai,HOSE,Agriculture Production,2022,2381,615,1,15798,162,720,1.99514E+13,30.62432135
NLG,CTCP Đầu tư Nam Long,HOSE,Construction and Real Estate,2022,645,219,43,3890,89,2135,2.70847E+13,30.92999044
NNC,CTCP Đá Núi Nhỏ,HOSE,"Mining, Quarrying, and Oil and Gas Extraction",2022,1299,1116,45,,138,1123,3.92326E+11,26.69535811
NO1,CTCP Tập đoàn 911,HOSE,Wholesale Trade,2022,1517,510,5,2491,71,555,1.13762E+12,27.75996208
NKG,CTCP Thép Nam Kim,HOSE,Manufacturing,2022,-226,-86,12,9614,61,-2405,1.34608E+13,30.23079989
NHA,Tổng Công ty Đầu tư Phát triển Nhà và Đô thị Nam Hà Nội,HOSE,Construction and Real Estate,2022,53,31,4,2231,112,23953,6.97085E+11,27.270173
NHH,CTCP Nhựa Hà Nội,HOSE,Manufacturing,2022,1146,524,38,5266,73,680,2.38659E+12,28.50088639
NHT,CTCP Sản xuất và Thương mại Nam Hoa,HOSE,Manufacturing,2022,1558,818,9,4688,75,393,7.51864E+11,27.34582193
NSC,CTCP Tập đoàn Giống cây trồng Việt Nam,HOSE,Agriculture Production,2022,1709,1115,63,1636,94,573,2.02573E+12,28.33695098
OGC,CTCP Tập đoàn Đại Dương,HOSE,Finance and Insurance,2022,569,137,92,1422,237,6232,2.98691E+12,28.7252617
OPC,CTCP Dược phẩm OPC,HOSE,Manufacturing,2022,1760,1144,23,,202,820,1.24622E+12,27.85113989
PAC,CTCP Pin Ắc quy Miền Nam,HOSE,Manufacturing,2022,1763,645,8,12908,167,980,2.41595E+12,28.51311189
NVT,CTCP Bất động sản Du lịch Ninh Vân Bay,HOSE,Accommodation and Food Services,2022,-225,-111,24,6004,142,-6272,1.09999E+12,27.72632328
NT2,CTCP Điện lực Dầu khí Nhơn Trạch 2,HOSE,Utilities,2022,1997,1256,14,1367,180,940,7.44478E+12,29.63853449
NTL,CTCP Phát triển Đô thị Từ Liêm,HOSE,Construction and Real Estate,2022,877,622,23,,75,866,1.63638E+12,28.12350796
NVL,CTCP Tập đoàn Đầu tư Địa ốc No Va ,HOSE,Construction and Real Estate,2022,526,99,12,14373,61,1202,2.57365E+14,33.18151782
MCG,CTCP Năng lượng và Bất động sản MCG,HOSE,Manufacturing,2022,-3933,-855,1,23028,70,-198,1.33278E+12,27.91829113
MCP,CTCP In và Bao bì Mỹ Châu,HOSE,Manufacturing,2022,493,348,7,1287,104,2148,3.11329E+11,26.46411632
MDG,CTCP Miền Đông,HOSE,"Mining, Quarrying, and Oil and Gas Extraction",2022,1315,567,13,4607,72,568,3.94539E+11,26.70098508
LM8,CTCP Lilama 18,HOSE,Construction and Real Estate,2022,489,107,1,19995,26,531,1.35717E+12,27.93642538
LGL,CTCP Đầu tư và Phát triển Đô thị Long Giang,HOSE,Construction and Real Estate,2022,162,69,2,2642,24,1384,1.63856E+12,28.12483868
LHG,CTCP Long Hậu,HOSE,Construction and Real Estate,2022,1360,697,9,923,70,524,3.00371E+12,28.73087087
LIX,CTCP Bột Giặt Lix,HOSE,Manufacturing,2022,2670,1777,51,648,157,624,1.23221E+12,27.83982884
MHC,CTCP MHC,HOSE,Transportation and Warehousing,2022,-567,-233,13,11321,31,-528,1.15622E+12,27.77617915
NAV,CTCP Nam Việt,HOSE,Retail Trade,2022,2204,1576,102,,147,688,1.13575E+11,25.45572987
NBB,CTCP Đầu tư Năm Bảy Bảy,HOSE,Construction and Real Estate,2022,39,11,1,17200,71,21438,6.38726E+12,29.48532592
NCT,CTCP Dịch vụ Hàng hóa Nội Bài,HOSE,Transportation and Warehousing,2022,5332,4498,70,,516,940,5.00599E+11,26.93907044
NAF,CTCP Nafoods Group,HOSE,Manufacturing,2022,920,468,8,6965,54,604,1.74651E+12,28.18864157
MSH,CTCP May Sông Hồng,HOSE,Manufacturing,2022,2333,1154,33,3970,144,566,3.2942E+12,28.82318325
MSN,CTCP Tập đoàn Masan,HOSE,Manufacturing,2022,903,267,21,19378,361,3539,1.41343E+14,32.58220937
MWG,CTCP Đầu tư Thế giới Di động,HOSE,Retail Trade,2022,1850,690,19,6932,262,1177,5.58341E+13,31.65340583
PPC,CTCP Nhiệt điện Phả Lại,HOSE,Utilities,2022,992,886,10,,79,816,5.77944E+12,29.38532842
PSH,CTCP Thương mại Đầu tư Dầu khí Nam Sông Hậu,HOSE,Wholesale Trade,2022,-1384,-237,4,25768,40,-263,1.00833E+13,29.94190156
PTB,CTCP Phú Tài,HOSE,Manufacturing,2022,1892,913,12,5894,103,518,5.2383E+12,29.28701773
POW,Tổng Công ty Điện lực Dầu khí Việt Nam - CTCP,HOSE,Utilities,2022,640,375,45,2709,75,1210,5.68432E+13,31.67131851
PNC,CTCP Văn hóa Phương Nam,HOSE,Retail Trade,2022,835,251,29,,60,753,5.43046E+11,27.02045954
PNJ,CTCP Vàng bạc Đá quý Phú Nhuận,HOSE,Manufacturing,2022,2505,1512,18,3177,262,1192,1.33371E+13,30.22157259
POM,CTCP Thép Pomina,HOSE,Manufacturing,2022,-3757,-897,3,24699,61,-131,1.10287E+13,30.03151858
PTC,CTCP Đầu Tư Icapital,HOSE,Construction and Real Estate,2022,-1149,-446,4,15028,49,-366,1.22574E+12,27.83456372
QBS,CTCP Xuất nhập khẩu Quảng Bình,HOSE,Wholesale Trade,2022,-2514,-1506,12,887,28,-97,5.78455E+11,27.08362664
QCG,CTCP Quốc Cường Gia Lai,HOSE,Construction and Real Estate,2022,57,25,1,960,25,4406,9.94885E+12,29.92847842
RAL,CTCP Bóng đèn Phích nước Rạng Đông,HOSE,Manufacturing,2022,2435,802,19,8767,67,305,6.71648E+12,29.53558578
PVT,Tổng Công ty cổ phần Vận tải Dầu khí,HOSE,Transportation and Warehousing,2022,1145,641,59,4605,89,831,1.42517E+13,30.28789401
PTL,CTCP Victory Capital,HOSE,Construction and Real Estate,2022,-1835,-1238,21,,67,-282,6.38572E+11,27.18250028
PVD,Tổng Công ty cổ phần Khoan và Dịch vụ khoan Dầu khí ,HOSE,"Mining, Quarrying, and Oil and Gas Extraction",2022,-74,-50,72,2724,70,-8615,2.0704E+13,30.66135029
PVP,CTCP Vận tải Dầu khí Thái Bình Dương,HOSE,Transportation and Warehousing,2022,1355,888,131,2168,78,598,2.56492E+12,28.57294806
PET,Tổng Công ty cổ phần Dịch vụ Tổng hợp Dầu khí,HOSE,Wholesale Trade,2022,682,154,17,20692,82,1227,9.0542E+12,29.83424951
PGC,Tổng Công ty Gas Petrolimex - CTCP,HOSE,Utilities,2022,1448,490,3,12536,127,845,2.52159E+12,28.55591167
PGD,CTCP Phân phối khí thấp áp Dầu khí Việt Nam,HOSE,Utilities,2022,2809,1187,77,,149,560,3.61178E+12,28.91522093
PDR,CTCP Phát triển Bất động sản Phát Đạt,HOSE,Construction and Real Estate,2022,1316,528,104,17,305,3396,2.28453E+13,30.75976611
PAN,CTCP Tập đoàn Pan,HOSE,Manufacturing,2022,1028,240,24,6505,40,835,1.60816E+13,30.40869676
PC1,CTCP Tập Đoàn PC1,HOSE,Construction and Real Estate,2022,798,227,43,16676,76,1056,2.17544E+13,30.71083777
PDN,CTCP Cảng Đồng Nai,HOSE,Transportation and Warehousing,2022,3016,1968,79,2284,313,1106,1.23826E+12,27.84472543
PGV,Tổng Công ty Phát điện 3 - CTCP,HOSE,Utilities,2022,1440,376,13,22955,115,806,6.6218E+13,31.82397285
PLP,CTCP Sản xuất và Công nghệ Nhựa Pha Lê,HOSE,Manufacturing,2022,97,34,2,10956,26,2733,2.73282E+12,28.63635496
PLX,Tập đoàn Xăng Dầu Việt Nam,HOSE,Wholesale Trade,2022,528,214,26,5343,145,2721,7.38111E+13,31.93253
PMG,CTCP Đầu tư và Sản xuất Petro Miền Trung,HOSE,Wholesale Trade,2022,-206,50,10,9145,81,6233,1.59722E+12,28.09928776
PJT,CTCP Vận tải Xăng dầu đường Thủy Petrolimex,HOSE,Transportation and Warehousing,2022,760,448,31,4315,69,903,4.92683E+11,26.92313205
PHC,CTCP Xây dựng Phục Hưng Holdings,HOSE,Construction and Real Estate,2022,297,78,3,16113,44,1445,2.70937E+12,28.62773884
PHR,CTCP Cao su Phước Hòa,HOSE,Manufacturing,2022,2706,1433,13,769,155,603,6.32851E+12,29.47608616
PIT,CTCP Xuất nhập khẩu Petrolimex,HOSE,Wholesale Trade,2022,271,105,6,11470,55,2068,2.7245E+11,26.33072001
HPX,CTCP Đầu tư Hải Phát,HOSE,Construction and Real Estate,2022,391,149,4,9083,38,996,9.29319E+12,29.86030277
HQC,CTCP Tư vấn Thương mại Dịch vụ Địa Ốc Hoàng Quân,HOSE,Construction and Real Estate,2022,43,23,1,30,29,6740,7.23686E+12,29.61020849
HRC,CTCP Cao su Hòa Bình,HOSE,Manufacturing,2022,185,123,9,4342,303,16354,8.10638E+11,27.42108705
HPG,CTCP Tập đoàn Hòa Phát,HOSE,Manufacturing,2022,908,487,13,6024,109,1100,1.70336E+14,32.76879126
HMC,CTCP Kim khí Thành phố Hồ Chí Minh - VNSTEEL,HOSE,Wholesale Trade,2022,72,26,7,12240,70,7682,1.14487E+12,27.76630919
HNG,CTCP Nông nghiệp Quốc tế Hoàng Anh Gia Lai,HOSE,Agriculture Production,2022,-7887,-2670,,24133,151,-129,1.26881E+13,30.17168412
HOT,CTCP Du lịch Dịch vụ Hội An,HOSE,Accommodation and Food Services,2022,-3442,-2362,11,1308,557,-1339,65646711655,24.90755335
HSG,CTCP Tập đoàn Hoa Sen,HOSE,Manufacturing,2022,231,115,5,3847,63,2367,1.70254E+13,30.46572812
HTN,CTCP Hưng Thịnh Incons,HOSE,Construction and Real Estate,2022,582,105,1,17026,73,1246,9.05326E+12,29.83414603
HTV,CTCP Logistics Vicem,HOSE,Transportation and Warehousing,2022,526,410,11,,43,811,4.33678E+11,26.79556826
HU1,CTCP Đầu tư và Xây dựng HUD1,HOSE,Construction and Real Estate,2022,301,62,2,6956,53,1716,7.33842E+11,27.32155993
HTL,CTCP Kỹ thuật và Ô tô Trường Long,HOSE,Wholesale Trade,2022,1825,1146,25,1466,82,482,3.57564E+11,26.60258045
HSL,CTCP Đầu tư Phát triển Thực phẩm Hồng Hà,HOSE,Agriculture Production,2022,438,371,8,391,36,891,4.89E+11,26.91562789
HT1,CTCP Xi Măng Vicem Hà Tiên,HOSE,Manufacturing,2022,501,283,16,3609,77,1533,9.38506E+12,29.87013992
HTI,CTCP Đầu tư Phát triển Hạ tầng IDICO,HOSE,Construction and Real Estate,2022,1216,361,20,17080,90,731,1.50989E+12,28.04305578
HAS,CTCP Hacisco,HOSE,Construction and Real Estate,2022,29,19,7,1677,40,13826,2.18894E+11,26.11185517
HAX,CTCP Dịch vụ Ô tô Hàng Xanh,HOSE,Retail Trade,2022,2852,1242,11,11885,96,360,2.57865E+12,28.57828719
HBC,CTCP Tập đoàn Xây dựng Hòa Bình,HOSE,Construction and Real Estate,2022,-3398,-679,4,23198,96,-205,1.69259E+13,30.45986777
HAR,CTCP Đầu tư Thương mại Bất động sản An Dương Thảo Điền,HOSE,Construction and Real Estate,2022,-417,-369,38,798,32,-765,1.12063E+12,27.74491471
HAH,CTCP Vận tải và Xếp dỡ Hải An,HOSE,Transportation and Warehousing,2022,3433,1985,46,4580,79,245,5.04942E+12,29.2502944
HAI,CTCP Nông dược H.A.I,HOSE,Wholesale Trade,2022,124,93,1,1332,16,1185,2.50104E+12,28.54772842
HAP,CTCP Tập đoàn Hapaco,HOSE,Manufacturing,2022,53,50,48,170,37,8143,1.35159E+12,27.93230493
HCD,CTCP Đầu tư Sản xuất và Thương mại HCD,HOSE,Manufacturing,2022,1016,614,11,4206,40,410,7.55616E+11,27.35079849
HHV,CTCP Đầu tư Hạ tầng Giao thông Đèo Cả,HOSE,Construction and Real Estate,2022,626,76,10,40474,57,962,3.56532E+13,31.20486093
HID,CTCP Halcom Việt Nam,HOSE,Utilities,2022,-161,-82,3,6399,24,-1585,,#NUM!
HII,CTCP An Tiến Industries,HOSE,Manufacturing,2022,-1860,-220,12,7845,34,-515,2.38777E+12,28.50138255
HHS,CTCP Đầu tư Dịch vụ Hoàng Huy,HOSE,Wholesale Trade,2022,548,507,75,332,28,521,4.49259E+12,29.13345073
HDC,CTCP Phát triển Nhà Bà Rịa - Vũng Tàu,HOSE,Construction and Real Estate,2022,2505,1023,1,9069,168,675,4.42184E+12,29.11757719
HDG,CTCP Tập đoàn Hà Đô,HOSE,Construction and Real Estate,2022,1849,717,10,9086,114,625,1.53748E+13,30.36375308
HHP,CTCP Giấy Hoàng Hà Hải Phòng,HOSE,Manufacturing,2022,985,433,1,9330,58,660,9.87543E+11,27.61848563
KMR,CTCP Mirae,HOSE,Manufacturing,2022,271,169,8,2468,25,926,9.26752E+11,27.55495181
KOS,CTCP KOSY,HOSE,Construction and Real Estate,2022,96,50,4,8665,360,37876,4.83556E+12,29.20701894
KPF,CTCP Đầu tư tài sản Koji,HOSE,"Professional, Scientific, and Technical Services",2022,925,763,41,,93,1029,8.0386E+11,27.41269154
KHP,CTCP Điện lực Khánh Hòa,HOSE,Utilities,2022,849,273,41,13803,63,750,2.17074E+12,28.40608846
KDC,CTCP Tập đoàn KIDO,HOSE,Manufacturing,2022,504,250,20,6978,237,4692,1.4035E+13,30.27257858
KDH,CTCP Đầu tư và Kinh doanh Nhà Khang Điền,HOSE,Construction and Real Estate,2022,1002,614,79,5741,161,1628,2.15393E+13,30.700898
KHG,CTCP Tập đoàn Khải Hoàn Land,HOSE,Construction and Real Estate,2022,900,657,10,1961,36,381,7.04452E+12,29.58327072
KSB,CTCP Khoáng sản và Xây dựng Bình Dương,HOSE,"Mining, Quarrying, and Oil and Gas Extraction",2022,817,370,10,5748,74,934,4.2431E+12,29.07631571
LDG,CTCP Đầu tư LDG,HOSE,Construction and Real Estate,2022,12,5,,3737,31,23953,7.92995E+12,29.70166814
LEC,CTCP Bất động sản Điện lực Miền Trung,HOSE,Construction and Real Estate,2022,-241,-87,,13412,34,-1454,1.30456E+12,27.89688521
LGC,CTCP Đầu tư Cầu đường CII,HOSE,Construction and Real Estate,2022,971,234,4,13156,227,3774,1.27501E+13,30.17655892
LCG,CTCP Lizen,HOSE,Construction and Real Estate,2022,778,359,4,1673,55,692,4.94786E+12,29.22997613
L10,CTCP Lilama 10,HOSE,Construction and Real Estate,2022,665,146,56,5563,96,1453,1.0445E+12,27.67456265
LAF,CTCP Chế biến hàng Xuất khẩu Long An,HOSE,Manufacturing,2022,1342,753,6,9058,120,875,4.03646E+11,26.72380377
LBM,CTCP Khoáng sản và Vật liệu Xây dựng Lâm Đồng,HOSE,Manufacturing,2022,2509,1928,51,467,154,488,7.13007E+11,27.29275732
HVX,CTCP Xi măng VICEM Hải Vân,HOSE,Manufacturing,2022,43,25,5,2610,27,6217,7.71416E+11,27.37149343
IBC,CTCP Đầu tư Apax Holdings,HOSE,"Professional, Scientific, and Technical Services",2022,-565,-188,42,12598,15,-264,4.59654E+12,29.15632523
ICT,CTCP Viễn thông - Tin học Bưu điện,HOSE,Information and Technology,2022,148,57,26,5224,67,4387,1.45374E+12,28.00516225
HVN,Tổng Công ty Hàng không Việt Nam - CTCP,HOSE,Transportation and Warehousing,2022,21607,-1691,5,-27716,-302,-294,6.05786E+13,31.73496258
HU3,CTCP Đầu tư và Xây dựng HUD3,HOSE,Construction and Real Estate,2022,-692,-323,11,3015,44,-611,2.61533E+11,26.2898269
HUB,CTCP Xây lắp Thừa Thiên Huế,HOSE,Construction and Real Estate,2022,1140,710,39,577,67,524,8.46634E+11,27.4645339
HVH,CTCP Đầu tư và Công nghệ HVC,HOSE,Construction and Real Estate,2022,480,317,31,1976,37,798,6.80255E+11,27.24573373
IDI,CTCP Đầu tư và Phát triển Đa Quốc Gia - IDI,HOSE,Manufacturing,2022,1735,700,14,12141,74,453,8.08411E+12,29.72092132
ITC,CTCP Đầu tư và Kinh doanh Nhà,HOSE,Construction and Real Estate,2022,625,316,9,2786,30,461,4.17214E+12,29.0594507
JVC,CTCP Thiết bị Y tế Việt Nhật,HOSE,Wholesale Trade,2022,499,365,5,962,77,1576,5.91198E+11,27.10541743
KBC,Tổng Công ty Phát triển Đô thị Kinh Bắc - CTCP,HOSE,Construction and Real Estate,2022,927,466,16,4280,104,1072,3.49065E+13,31.18369455
ITA,CTCP Đầu tư và Công nghiệp Tân Tạo,HOSE,Construction and Real Estate,2022,-164,-138,1,30,35,-2121,1.26452E+13,30.16829897
IJC,CTCP Phát triển Hạ tầng Kỹ thuật,HOSE,Construction and Real Estate,2022,1428,767,11,2645,69,514,6.52341E+12,29.50641874
ILB,CTCP ICD Tân Cảng - Long Bình,HOSE,Transportation and Warehousing,2022,1836,602,40,6695,119,674,1.59512E+12,28.09796832
IMP,CTCP Dược phẩm Imexpharm,HOSE,Manufacturing,2022,1212,978,47,501,212,1795,2.27694E+12,28.45385512
